ID_REF,VALUE
KRAS_p.G13D,0
FBXW7_p.R505C,0
LARP4B_p.T163fs,0
APC_p.R1114*,0
PLEKHA6_p.V348fs,0
B2M_p.L13fs,0
SVIL_p.G1862fs,0.00005766
CEP170_p.E539K,0
ARID1A_p.P1923fs,0
CHD1_p.K1320fs,0
KCTD3_p.K805fs,0.00003295
SLC22A6_p.F259fs,0.0009555
KIAA1549_p.L283fs,0.000008278
MFRP_p.P166fs,0.0001153
NGRN_p.R25fs,0
CASP8_p.R233W,0.000008236
NYAP1_p.G571fs,0
PKHD1L1_p.G2188fs,0.00003328
ATF7IP_p.E326fs,0
SLC4A11_p.F111fs,0
KMT2D_p.P648fs,0
MIER3_p.R280fs,0
FER_p.L474fs,0
HSPH1_p.P803P,0.0003871
THRAP3_p.E755fs,0
BTF3L4_p.L43fs,0
RIMS2_p.V401fs,0
FOLH1_p.S486fs,0.00002471
ATAD5_p.L968fs,0
GRM7_p.R573*,0
PIK3CB_p.E1051K,0
DCDC1_,0.0004697
TRPV3_p.P470P,0.00002471
KIAA1644_p.R154W,0
METTL6_p.F177fs,0
PAPD4_p.CF225fs,0.000206
GPR115_p.Q80fs,0.000008237
ZNF292_p.H149fs,0
FIGNL1_p.K309fs,0
NOS3_p.R438fs,0
PSD_p.P262fs,0
OR6C70_p.Y102fs,0
TMTC2_p.A728fs,0.00009884
PIGB_p.F176fs,0
CLDN5_p.G105fs,0
TSC1_p.N891fs,0
DTX3L_p.E79K,0.000008236
LIX1_p.R203C,0.0001812
ANKHD1_p.A1163A,0.0001235
SLC17A2_p.L127L,0
HIST1H4G_p.G15S,0
CHRNA2_p.E418V,0
KCNV1_p.R333C,0
NPAS4_p.Y120Y,0.00007413
PLEKHH3_p.A139V,0
ST6GALNAC2_p.P259P,0.00002472
TMC2_p.R358Q,0
SLC12A5_p.R803C,0.000008236
SPTB_p.R86C,0
CTNNB1_p.R535Q,0
ZMYM4_p.K346fs,0
KDM5B_p.S1119fs,0
NUP35_p.P309fs,0
HNRNPDL_p.K289fs,0
INTS12_p.L14fs,0
FAM193B_p.A74fs,0.00007739
GNB2L1_p.114_115SS>S,0
NHLRC1_p.F204fs,0
FER1L6_p.E648fs,0
PPP1R26_p.P770fs,0
NAA16_p.G60fs,0
ASPG_p.R357fs,0
CSF3_p.T27fs,0
ZDHHC8_p.P458fs,0.00002483
HMGCS2_p.I277fs,0
GNL3_p.Q22fs,0
CBX3_p.G12fs,0
MMEL1_p.Y455Y,0
JAK1_p.A449T,0.00001654
LPPR4_p.R759W,0
ZNF648_p.G274A,0.00001703
LHCGR_p.P224P,0.0001318
BCL11A_p.G766G,0
INHBB_p.R158H,0
INHBB_p.V260M,0.00003295
SCN1A_p.T1247M,0.00002473
RAPH1_p.P1006P,0.0001647
CRYGC_p.R122H,0.00006589
ZNF662_p.R27*,0.00001647
WDR17_p.R508*,0.00001648
SV2C_p.P60L,0.000008266
SV2C_p.S620L,0
SHPRH_p.V1533I,0
OR2A14_p.V246M,0.000124
RNF32_p.A329A,0
CSMD1_p.Y1249Y,0.0001323
C9orf169_p.R96H,0.0002521
PLCB3_p.S618S,0.00003295
FAT3_p.Y3937Y,0
NTN4_p.A179T,0
C1QTNF9B_p.R76*,0.0000165
TMC3_p.R535Q,0.00003309
SLC16A13_p.R266C,0.000008236
NSF_p.I714I,0.00002483
POLI_p.R462H,0.0001236
MALT1_p.R551*,0
TMX3_p.R151C,0
LRRC25_p.R220Q,0.00003295
USF2_p.Y197Y,0
ZNF568_p.R606I,0
DHX34_p.L580L,0.0001483
ZIM3_p.G122R,0.00001647
ABHD16B_p.A239A,0
MICAL3_p.F299F,0.000008304
ARSA_p.G99G,0
CEP112_p.K358R,0
TMEM206_p.S277fs,0.0001153
SCN9A_p.K432fs,0
LRRC3B_p.K200fs,0
MRPL3_p.R58fs,0
PDCD10_p.S71fs,0
CEP120_p.K738fs,0
CSNK1G3_p.DF294fs,0
DST_p.K4394fs,0
AKAP9_p.E2120fs,0
CCAR2_p.P416fs,0
SGK3_p.L248fs,0
ZFHX4_p.K3218fs,0
ADRA2A_p.P34fs,0
EIF3M_p.E159fs,0
TENC1_p.M658fs,0
AKAP11_p.Q535fs,0.00000825
HECTD1_p.I2041fs,0.00009939
ATG2B_p.F1808fs,0
SECISBP2L_,0
IL27_p.168_169EE>E,0
ZNF23_p.F122fs,0
PLEKHM1_p.P648fs,0
CEP112_p.K358fs,0.00004119
RAE1_p.K350fs,0
LTN1_p.S1358fs,0
TCF7L2_p.R482fs,0.000593
SLC4A1_p.G172fs,0
DBF4_p.E23fs,0.00001647
HSF1_p.S363fs,0.00005862
KIN_,0.000008272
AL669831.1_p.I6V,0
B3GALT6_p.R269R,0
ACAP3_p.R408C,0.00001567
CPSF3L_p.A25V,0.00002471
AURKAIP1_p.T150M,0
SKI_p.A399T,0
SKI_p.R645Q,0
PANK4_p.G717G,0.00002485
PANK4_p.R553W,0.000008242
PANK4_p.H297H,0
MMEL1_p.L35V,0
TTC34_p.V356M,0
PRDM16_p.S642S,0.00001656
ARHGEF16_p.R349W,0
MEGF6_p.T504T,0.00002499
CCDC27_p.D333N,0.00002535
CHD5_p.G1072G,0
RNF207_p.A347V,0.000008269
ICMT_,0
CAMTA1_p.S450L,0.00004118
SLC2A5_p.A307T,0.000008545
SLC2A5_p.G292G,0
KIF1B_p.A219V,0
CASZ1_p.L709L,0
MTOR_,0
ANGPTL7_p.R218R,0
PTCHD2_p.L1209L,0
C1orf167_p.R3Q,0.00004269
MTHFR_p.R82Q,0.000008236
KIAA2013_p.L571L,0
PLOD1_p.R394W,0
PLOD1_p.R703Q,0.00001647
PRDM2_p.S1068S,0
PRDM2_p.S1618G,0
EFHD2_p.N202N,0.00002472
DNAJC16_p.H530Y,0
SPEN_p.V2175M,0.00001647
CROCC_p.R1658W,0
PADI4_p.Q448H,0
RCC2_p.P255S,0
HP1BP3_p.R488W,0.000008236
USP48_p.R600W,0
HSPG2_p.T2438A,0
HSPG2_p.R534H,0.00004951
LACTBL1_p.R121H,0.00004601
HTR1D_p.R149C,0.00004942
E2F2_p.A353V,0.0000165
LYPLA2_p.A140G,0
SRRM1_p.R289W,0
LDLRAP1_p.S288S,0.00001647
ZNF683_p.T118A,0
DNAJC8_p.Y129Y,0.000008276
RCC1_p.L396L,0
PTPRU_p.R1124H,0.000008236
KHDRBS1_p.R43W,0
BSDC1_p.A206T,0
ZBTB8B_p.A148A,0
S100PBP_p.T370M,0
A3GALT2_p.R176H,0
CSMD2_p.V390I,0
CSMD2_p.P258L,0.000008236
GJB4_p.T85M,0.00003295
ZMYM1_p.T293M,0.000008271
MAP7D1_p.E293E,0.000008253
ZC3H12A_p.N243N,0.00001647
MACF1_p.A6804A,0
HEYL_p.I272I,0.00001697
SLFNL1_p.T222I,0
FAM183A_p.Q36*,0
HYI_p.L57M,0
PTPRF_p.V432A,0
ERI3_p.I166I,0.00001647
RNF220_p.T526A,0
KIF2C_p.A472A,0.00002471
PLK3_p.G6D,0
TESK2_p.R76*,0.00003311
AKR1A1_p.S24G,0
GPBP1L1_p.G167G,0
IPP_p.L236R,0
MAST2_p.K257T,0
CYP4X1_p.P45S,0
TRABD2B_p.P104S,0
ORC1_p.T574T,0.00004118
PODN_p.E95D,0
LRP8_p.P204P,0
DMRTB1_p.R141H,0
AL161915.1_p.A102V,0
TTC4_p.A142V,0
DHCR24_p.A54A,0
C8A_p.V423V,0
NFIA_p.S6S,0
WDR78_p.F175L,0
IL12RB2_p.R410H,0.00003295
AK5_p.W56C,0
DNAJB4_p.R307H,0.000008236
IFI44L_p.A183T,0
CCBL2_p.K258K,0
RBMXL1_p.S174N,0
ZNF644_p.G247G,0
HFM1_p.P268P,0.000008243
ABCA4_p.R2139W,0.000008236
DPYD_p.P389P,0
DPYD_p.Y238N,0
SLC35A3_p.A3V,0
HIAT1_p.I405T,0
DPH5_p.L80I,0
OLFM3_p.R129W,0.00004118
CELSR2_p.A1152A,0
CELSR2_p.T2303T,0.00004118
SYPL2_,0.00001652
STRIP1_p.T181M,0
STRIP1_p.S477S,0.000008236
PROK1_p.P52L,0.00001647
KCNA3_p.F315F,0
CHI3L2_p.N134N,0
KCND3_p.E89K,0
AP4B1_,0
SYCP1_p.E477E,0
SYCP1_p.L695I,0
IGSF3_p.N273N,0.000008241
PHGDH_p.G50C,0
PDE4DIP_p.L527I,0
AL358813.2_p.S54R,0
PRPF3_p.R61*,0
RPRD2_,0
ADAMTSL4_p.G460S,0.000008236
LCE2A_p.G66S,0.000008238
SPRR2G_p.P56H,0
INTS3_p.L706L,0
IL6R_p.A31V,0
PMVK_p.R138*,0.00002471
ZBTB7B_p.P14L,0.00001647
ZBTB7B_p.P131P,0.00001647
ZBTB7B_p.P405L,0.00003295
TRIM46_p.R629G,0
THBS3_p.G774D,0
LMNA_p.A434T,0.00002471
BCAN_p.A194T,0
NES_p.L1396L,0
PRCC_p.S209L,0.000008236
LRRC71_p.A494T,0.000008249
FCRL5_p.S104S,0.00001647
OR10Z1_p.L130L,0
ATP1A2_p.G855R,0
ATP1A4_p.A371V,0.00002471
PVRL4_p.V351V,0
NOS1AP_p.P402S,0
C1orf111_p.R217C,0.00002471
C1orf226_p.A172V,0
FAM78B_p.T26A,0
POGK_p.T366M,0
POU2F1_p.S479G,0
RCSD1_p.G355*,0
METTL18_p.F173V,0
PRRC2C_p.Q2381P,0
RASAL2_,0
RASAL2_p.Q772R,0
RASAL2_p.D949V,0
TOR1AIP1_p.R579G,0
CEP350_p.A558T,0
MR1_p.S20N,0
CACNA1E_p.L797I,0
RNASEL_p.P688H,0
RNASEL_p.S104S,0
LAMC1_p.G284G,0
LAMC2_p.R341R,0
HMCN1_p.L1961L,0
TPR_p.L2332S,0
CFHR2_p.P152S,0
ASPM_p.K1005K,0
ASPM_p.R242C,0.00002471
ZBTB41_p.R506Q,0.000008237
ZBTB41_p.G342A,0.00001647
C1orf53_p.A119A,0.00001654
KIF14_p.R654H,0.000008237
KIF21B_p.A1597V,0
KIF21B_p.P969S,0.000008237
CACNA1S_p.V207I,0.00001647
TIMM17A_p.G70G,0
PTPN7_p.T298A,0
KLHL12_p.R265Q,0.000008236
ZC3H11A_p.R334*,0
PLEKHA6_p.P846P,0
TMCC2_p.P497A,0
SLC26A9_p.R205W,0
CD46_p.G57D,0
RCOR3_p.L96L,0
PPP2R5A_p.A397T,0
BPNT1_p.A15T,0.00001655
DNAH14_p.L1425S,0
ENAH_p.Q292*,0
GJC2_p.A161V,0
OBSCN_p.E7366G,0
PGBD5_p.A100A,0.00002471
NTPCR_p.A2T,0
MLK4_p.R470C,0
MLK4_p.A922D,0
ACTN2_p.G786G,0
MTR_p.T369T,0
RYR2_p.P1857L,0.00004961
FMN2_p.A160A,0
WDR64_p.V608V,0
EXO1_p.V651M,0
PLD5_p.K430T,0
SDCCAG8_p.E474A,0
HNRNPU_p.R360C,0
KIF26B_p.G617G,0
OR11L1_p.S223S,0
OR2T10_p.P262H,0
OR2T27_p.F157F,0
SH3BP5L_p.G325R,0
TPO_p.R761S,0
PXDN_p.E1364G,0
TSSC1_p.D50D,0
CPSF3_p.A569T,0
PDIA6_p.T62I,0
ROCK2_p.D1110N,0
VSNL1_p.T146T,0.00002471
RDH14_p.R233R,0
DNMT3A_p.R209H,0
ASXL2_p.G545D,0.000008277
EMILIN1_p.Q476*,0
ABHD1_p.A349V,0.000008236
CAD_p.G1845C,0
IFT172_p.R1294H,0
SLC4A1AP_p.S238S,0
PLB1_p.G1354R,0.00004942
C2orf71_p.R1197R,0
ALK_p.G1580V,0
SLC30A6_p.R8Q,0.00001647
BIRC6_p.D3681N,0.000008237
VIT_p.I311T,0
HEATR5B_p.R1138W,0.00004118
CDKL4_,0.00002471
LRPPRC_p.S882S,0
SIX3_p.T142M,0
SOCS5_p.Y389C,0
SPTBN1_p.R1256I,0
EML6_p.S1238R,0
RTN4_p.V86V,0
BCL11A_p.R231Q,0
USP34_p.N3278S,0
CCT4_p.K29K,0
TMEM17_p.F173S,0
ZNF638_p.S870S,0
FBXO41_p.C559C,0
EGR4_p.A371V,0
EGR4_p.A268T,0
ALMS1_p.A3390V,0.000008278
TET3_p.S334S,0.00003306
SLC4A5_p.G249G,0
DCTN1_p.H1109Y,0
TLX2_p.T197T,0.000008246
LOXL3_p.D680N,0
SEMA4F_p.R208H,0
LRRTM1_p.Y294H,0
LRRTM1_p.S145S,0
DNAH6_p.P2664L,0
KCMF1_p.T89T,0.000008277
RETSAT_p.V494A,0
RMND5A_p.S102N,0
EIF2AK3_p.G327*,0
PROM2_p.R538R,0
ANKRD36C_p.A1738T,0.00001649
SNRNP200_p.R406Q,0
NCAPH_p.P709P,0
ANKRD23_p.R145C,0.00004942
SEMA4C_p.L386L,0
ZAP70_p.Y12Y,0
VWA3B_p.K935E,0
RPL31_p.R87Q,0.000008236
MAP4K4_p.R897W,0.00001655
44084_,0
ANAPC1_p.G469D,0
ZC3H6_p.F132I,0
PSD4_p.T876T,0
DPP10_p.S152P,0
C1QL2_p.S66N,0
PTPN4_p.R16Q,0
CYP27C1_p.P284P,0
CYP27C1_p.R109H,0
ERCC3_p.Q711R,0
WDR33_p.R1177W,0
ZRANB3_p.Q966R,0
LCT_p.F1409L,0
LCT_p.T425M,0.00003295
MCM6_p.K490N,0
LRP1B_p.I3155T,0
LRP1B_p.I2362V,0
NR4A2_p.L198L,0
SLC4A10_p.Q561*,0
DPP4_p.R343R,0
COBLL1_p.P440P,0
SCN2A_p.V657V,0.000008237
CSRNP3_p.A481T,0
SCN1A_p.R618H,0
STK39_p.E378K,0.00001654
LRP2_p.Q2211*,0
SP5_p.A288A,0
GAD1_p.G379V,0
DYNC1I2_p.E568V,0
SP3_p.S375L,0
EVX2_p.M265L,0
HOXD12_p.A134V,0
HOXD8_p.N141S,0
TTC30B_p.E151V,0
TTN_p.A33466T,0
TTN_p.R30857C,0.00003308
TTN_p.R30417W,0.00002481
TTN_p.G15139R,0
TTN_p.A15027T,0
TTN_p.S14993S,0
TTN_p.A7354A,0
TTN_p.N2645N,0
TTN_,0
CCDC141_p.Q1065Q,0
ITGA4_p.G348G,0
NCKAP1_p.Y433H,0
FSIP2_p.V1748M,0
FSIP2_p.V2982M,0
FSIP2_p.M3164I,0
COL3A1_p.G1131S,0
COL5A2_p.G702R,0.00001647
MYO1B_p.R836M,0
CCDC150_p.R1038M,0
ANKRD44_p.N971D,0
SF3B1_p.G320G,0
HSPD1_p.R221R,0
ALS2_p.S1340S,0
FAM117B_p.N406S,0
NBEAL1_p.T721T,0
NBEAL1_p.C777C,0
ABI2_p.L466P,0
PARD3B_p.R901G,0
NRP2_p.E906K,0
EEF1B2_p.Y182H,0
KLF7_p.R41H,0
CREB1_p.P75Q,0.000008236
PLEKHM3_p.Q335*,0
CRYGA_p.R48H,0.00002471
ERBB4_p.R782Q,0.00006589
FN1_p.P1984L,0.000008236
FN1_p.R1391R,0
XRCC5_p.F183L,0
RUFY4_p.R530*,0.000008271
ARPC2_p.P28L,0.000008236
RQCD1_p.Y236C,0
STK36_p.L1114P,0
CCDC108_p.Y627H,0
CCDC108_p.G6S,0.00001647
IHH_p.N55N,0
ATG9A_p.G357D,0
ANKZF1_p.S533F,0
SPEG_p.D936N,0
KCNE4_p.S60N,0
SP140_p.G647G,0.000008269
NCL_p.T305M,0.00001647
DIS3L2_p.A332V,0
DIS3L2_p.R609L,0
INPP5D_p.T153T,0.00004962
INPP5D_p.S690R,0
UGT1A6_p.L221I,0.000008236
MROH2A_p.L209L,0
TRPM8_p.D231N,0.00001647
SH3BP4_p.D196D,0.00004118
SH3BP4_p.A616T,0
AGAP1_p.P304P,0
HDAC4_p.A706T,0
PDCD1_p.T153I,0
CXXC11_p.H489H,0.000008263
CHL1_p.H784P,0
CNTN4_p.S754*,0
ARL8B_p.V89A,0
SRGAP3_p.G476S,0.000008236
SRGAP3_p.Y229C,0
THUMPD3_p.N128K,0
BRPF1_p.R157H,0
TATDN2_p.A206T,0
RAF1_p.V98A,0.00001647
NUP210_p.A1683A,0
FBLN2_p.A571V,0
FBLN2_p.R1050C,0.00002473
CAPN7_p.I777M,0.000008237
SH3BP5_p.V179A,0
TBC1D5_p.P23P,0
SATB1_p.Q261Q,0
NR1D2_p.S26S,0
TOP2B_p.T398T,0
SLC4A7_p.R1119C,0
RBMS3_p.Y64H,0
TRIM71_p.S42*,0
CLASP2_p.R625*,0
ARPP21_p.P712P,0
GOLGA4_p.R290H,0.00001647
XYLB_p.G427D,0
TTC21A_p.D1009D,0.000008275
CCDC13_p.A619A,0
CYP8B1_p.P268L,0
POMGNT2_p.S498S,0.000008237
POMGNT2_p.G285G,0.00001647
SNRK_p.A627A,0.00001656
TOPAZ1_p.P88P,0
LIMD1_p.R505Q,0.00002471
TMIE_p.T34M,0.000008261
NBEAL2_p.R1764W,0
SCAP_p.G715D,0
CDC25A_p.R520H,0.000008236
PLXNB1_p.F1937L,0
PLXNB1_p.S1583S,0
PLXNB1_p.V1504F,0
CELSR3_p.T3056M,0.000008287
CELSR3_p.A2156G,0.00001652
CELSR3_p.R203R,0
CELSR3_p.I56V,0
DALRD3_p.K219N,0
BSN_p.Q2428L,0
BSN_p.Q2461L,0
BSN_p.R3470Q,0.00002471
MST1R_p.V650V,0
MON1A_p.T233T,0
GNAT1_p.T183T,0
GNAI2_p.D201G,0
LSMEM2_p.G77G,0.000008236
LSMEM2_p.R95Q,0
IFRD2_p.R477C,0
HYAL3_p.S211N,0
TMEM115_p.R283I,0
CACNA2D2_p.N546N,0.000008239
MAPKAPK3_p.R319Q,0.000008267
GRM2_p.V441I,0
GRM2_p.R829Q,0.00001647
DUSP7_p.L134L,0
PPM1M_p.P13L,0
DNAH1_p.N1696N,0
DNAH1_p.R2277W,0.00004137
DNAH1_p.P3581S,0
NT5DC2_p.P179P,0
GNL3_p.R323*,0.000008236
GNL3_p.I452V,0
SFMBT1_p.R803Q,0.00003295
CHDH_p.A545V,0
WNT5A_p.A225A,0
WNT5A_p.R215S,0
FLNB_p.D2001D,0.00001647
DNASE1L3_p.Y172C,0
PTPRG_p.G1004C,0
PRICKLE2_p.T347M,0.00002471
FOXP1_p.N38N,0
EIF4E3_p.G109*,0
CNTN3_p.P686T,0
EPHA3_p.I554I,0
EPHA3_p.A896T,0
EPHA6_p.P26R,0.000008333
EPHA6_p.G348E,0
CRYBG3_p.N811S,0
CRYBG3_p.F375L,0
MINA_p.V284M,0.00003295
OR5H1_p.L82P,0
ZBTB11_p.L143I,0
DZIP3_p.P1014H,0
CD96_p.D240N,0.000008236
ABHD10_p.S233I,0
MAATS1_p.A244A,0
GOLGB1_p.T3256T,0.00004118
SLC15A2_p.E478E,0.00002471
PARP14_p.T1749K,0
SEMA5B_p.S1012N,0
MYLK_p.I1647I,0.00004118
UROC1_p.L461M,0
PLXND1_p.E1154K,0
C3orf36_,0
NME9_,0
PRR23A_p.A35V,0
SPSB4_p.P21P,0.00004997
ZBTB38_p.A768T,0
GRK7_p.W517*,0
PAQR9_p.A223G,0
U2SURP_p.R504R,0
ZIC1_p.C227F,0
CP_p.A350A,0
TSC22D2_,0
FAM194A_p.T121T,0.000008236
RP11-166N6.3_p.E58E,0
IGSF10_p.L936L,0
MBNL1_p.A352T,0.00001648
AC104472.1_p.G66G,0
GMPS_p.Y526N,0
SERPINI2_p.Q395R,0
TNIK_,0
GHSR_p.S301R,0
ECT2_p.E424E,0
PARL_p.A73T,0
DVL3_p.A535T,0
C3orf70_p.H165H,0.00003295
MAP3K13_p.A912A,0.00001647
GP5_p.A470V,0
ATP13A3_p.V758M,0
NRROS_p.P478A,0.00002471
MFI2_p.V627M,0.00004942
KIAA0226_p.G400E,0
PDE6B_p.K824E,0
FGFRL1_p.D273N,0.00003302
NKX1-1_p.T301T,0
FGFR3_p.I532V,0
WHSC1_,0
ADD1_p.V623V,0
HTT_p.T1917T,0.000008272
RGS12_p.A678A,0
ADRA2C_p.R351H,0
CRMP1_p.G62R,0
WFS1_p.R228C,0.00002479
WFS1_p.E391G,0.000008236
KIAA0232_p.D1274G,0.00001656
SORCS2_,0
TRMT44_p.T428I,0
TRMT44_p.L654P,0
GPR78_p.V333V,0
DRD5_p.T469T,0
HS3ST1_p.T125T,0
BST1_p.L152L,0.00001647
FAM184B_p.E905K,0
SLIT2_p.I1140K,0
DHX15_p.L758S,0
RBPJ_p.M140V,0
DTHD1_p.A409T,0
LIAS_p.W118R,0
LIMCH1_p.G1000S,0
GABRA4_,0
CORIN_p.E1028K,0.000008236
ERVMER34-1_p.F32L,0
SCFD2_p.L136L,0
GSX2_p.K299K,0
KIAA1211_p.A510A,0
NOA1_p.H475Y,0
NOA1_p.R35M,0
LPHN3_p.W654R,0
EPHA5_p.P14T,0
UBA6_p.I260M,0
RASSF6_p.L92P,0
USO1_p.Q691Q,0
FRAS1_p.T1460T,0
BMP2K_p.R722W,0.00002483
WDFY3_p.R3433Q,0
WDFY3_p.A2336T,0
WDFY3_p.R244H,0
PTPN13_p.R322H,0.00001655
PTPN13_p.K768M,0
PTPN13_p.M1200T,0
FAM13A_p.E390D,0
UNC5C_p.S123S,0
SLC9B1_p.T347A,0
CENPE_p.Q929Q,0
CENPE_p.R399W,0
CXXC4_p.P144P,0
EGF_,0
C4orf21_p.S266S,0
ANK2_p.A1809V,0.00004118
ANK2_p.T2882I,0.000008236
USP53_p.Q52*,0
KIAA1109_p.R1063L,0
FAT4_p.A4629T,0.000008236
HSPA4L_p.A99V,0
PCDH10_p.A366V,0
PCDH10_p.P666P,0
NAA15_p.R549Q,0
RAB33B_p.V44V,0
MAML3_p.N1095S,0
TBC1D9_p.G1093G,0
DCLK2_p.P736P,0.00002494
LRBA_p.P2244P,0.00001647
SFRP2_p.N225N,0.00004942
DCHS2_p.A353A,0
PLRG1_p.V5A,0
FGA_p.R160R,0
FAM198B_p.R178*,0
FAM218A_p.R53H,0
SPOCK3_p.C142C,0.000008237
DDX60L_p.H639H,0
GALNTL6_p.P527P,0.00004942
RP11-389E17.1_p.P42H,0
TENM3_p.K561N,0
STOX2_p.I115T,0
IRF2_p.R117W,0
HELT_,0
KIAA1430_p.R519*,0.00001655
TLR3_p.A549T,0.000008236
CYP4V2_p.P430S,0
SDHA_p.C231C,0
PDCD6_p.S67P,0
TRIP13_p.H178H,0.00002471
TERT_p.A670V,0.00002746
IRX1_p.N462S,0
DNAH5_p.*4625E,0
ZFR_p.A299V,0
UGT3A1_p.L495F,0.000008236
NIPBL_p.A1220A,0.000008239
NIPBL_p.V1802V,0
NIPBL_p.A2698V,0
OSMR_p.Y901C,0
FYB_p.I288L,0
MROH2B_p.R429*,0.000008279
PARP8_p.I232I,0
ISL1_p.R197W,0
ITGA2_p.T477M,0.00001647
ANKRD55_p.M66V,0
PLK2_p.S636N,0
IPO11_p.T626I,0.00004942
ERBB2IP_p.S931P,0
SLC30A5_p.L652L,0
RAD17_p.A203A,0
MAP1B_p.E1151E,0
ANKRD31_p.P1470P,0
F2RL2_p.H153H,0
OTP_p.P51T,0
CMYA5_p.S1868T,0
THBS4_p.R124W,0
ZFYVE16_p.G591C,0
MSH3_p.L795H,0
CKMT2_p.T316T,0
VCAN_p.R1086M,0
GPR98_,0
GPR98_p.T5791T,0.000008279
NR2F1_p.S330P,0
MCTP1_p.S465S,0
MAN2A1_p.A114T,0
APC_p.R2816Q,0.000008237
TSSK1B_p.G356V,0
YTHDC2_p.A48E,0
CDO1_p.S194L,0.00003295
SEMA6A_p.G707S,0.000008251
DMXL1_p.L1586L,0
DMXL1_p.R2540*,0
SRFBP1_p.S281S,0
PRRC1_p.R274Q,0
SLC27A6_,0
FNIP1_p.S106L,0
IL3_p.T145M,0.00002471
SHROOM1_p.D758D,0
PHF15_p.S24P,0
CXCL14_p.E104K,0.00002471
EGR1_p.T389T,0
MATR3_p.A667A,0
ECSCR_p.S33R,0
PFDN1_p.V105I,0.00001708
ANKHD1_p.A2530T,0
PCDHA2_p.A39T,0
PCDHA5_p.R5W,0.00001647
PCDHA5_p.A483T,0.00004118
PCDHA6_p.R498W,0
PCDHA10_p.D783N,0
PCDHA13_p.P220P,0
PCDHB5_p.R529R,0
PCDHB17_p.L504M,0
PCDHB10_p.A275T,0
PCDHB12_p.S698L,0
PCDHB13_p.E623K,0
PCDHB13_p.T657M,0
PCDHGA12_p.C702C,0
PCDHGC3_p.D770D,0
PCDHGC5_p.T623I,0
DIAPH1_p.L263H,0
TCERG1_p.P328H,0
DPYSL3_p.R467H,0.00003305
FBXO38_p.A63A,0
FBXO38_p.D684N,0
AFAP1L1_p.W763C,0
ARSI_p.R454*,0.00002471
FAT2_p.T2393T,0
FAT2_p.L915L,0
GALNT10_p.Y116Y,0.00003295
LARP1_p.N675N,0
TIMD4_p.L41L,0
HAVCR2_,0
C5orf54_p.R410M,0
MAT2B_p.A55V,0
TENM2_p.T1717T,0.00002481
FAM196B_,0
FOXI1_p.G101G,0
ERGIC1_p.T22T,0.00004118
CDHR2_p.R814R,0
HNRNPAB_p.E21K,0
COL23A1_p.R6R,0
MAML1_p.P475H,0
FLT4_p.R679Q,0
IRF4_p.S366S,0
FOXF2_p.M183T,0
PXDC1_,0
DSP_,0
DSP_p.K605K,0
C6orf52_p.R49Q,0
ELOVL2_p.V125I,0
PHACTR1_p.R451W,0.000008269
GFOD1_p.A335T,0
MCUR1_p.A191V,0
JARID2_p.S1038R,0
KIF13A_p.G1769G,0.0000331
FAM65B_p.I307V,0
SLC17A2_p.F211F,0
HIST1H4B_p.T97A,0
HIST1H1D_p.P119H,0
BTN3A1_p.R315K,0
BTN2A1_p.L415L,0
POM121L2_p.I712L,0
HIST1H1B_p.A186V,0
RNF39_p.S249S,0
TRIM39_p.P271S,0.00003357
ABCF1_p.P843P,0
NRM_p.R187Q,0.000008237
DPCR1_p.A487T,0
HLA-B_p.E253K,0
AIF1_p.S97S,0
C6orf47_p.L6L,0
VWA7_p.G868G,0.00001708
SKIV2L_p.Y1067H,0
CYP21A2_p.P491P,0
TNXB_p.V1449M,0.00000828
PBX2_p.G17G,0
TAP1_p.L153L,0
HSD17B8_p.E34D,0
ITPR3_p.A1601P,0
ARMC12_p.Q308*,0
SRPK1_p.T474T,0.00002481
SLC26A8_p.M338T,0
MAPK13_p.P191P,0
RAB44_p.C70C,0
RAB44_p.P460T,0
UNC5CL_p.R417W,0.00002471
USP49_p.R256H,0.000008244
USP49_p.R206H,0
GUCA1A_p.P124H,0
CNPY3_p.E6D,0
KLC4_p.D177G,0.000008236
SLC22A7_p.T459M,0.000008243
LRRC73_p.A110V,0
POLH_p.T477I,0
TDRD6_p.R1953C,0.000008236
PLA2G7_p.S64S,0.00001647
TFAP2D_p.R436W,0.000008237
DST_p.A3994T,0
ZNF451_p.L540S,0
EYS_p.T2559I,0
BAI3_p.K50*,0
LMBRD1_p.V33A,0
DOPEY1_p.L1934P,0
CYB5R4_p.S476P,0
C6orf165_p.D88N,0.00001647
MDN1_p.G3087A,0
MDN1_p.S3022I,0
MAP3K7_p.A400V,0
AIM1_p.S836P,0
SMPD2_p.T257T,0
AK9_p.E1724E,0
GPR6_p.I259I,0
LAMA4_p.R1528C,0.00003295
LAMA4_p.R522I,0
COL10A1_p.Y123C,0
CEP85L_p.G200G,0
RNF146_p.A21V,0.000008237
SOGA3_p.A675V,0
SOGA3_p.S321C,0
EPB41L2_p.V753M,0.000008236
EPB41L2_p.L378L,0
ARG1_p.K210K,0.00003295
CTGF_p.L230P,0
EYA4_p.A576V,0
BCLAF1_p.N458N,0
BCLAF1_p.S222N,0
MAP7_p.R518C,0
TNFAIP3_p.N492N,0.000008236
KIAA1244_p.L915L,0.000008237
KIAA1244_p.A1803A,0.00004942
HIVEP2_p.I2326M,0
UTRN_p.K2296K,0
GRM1_,0
ADGB_p.P173P,0
SASH1_p.L711L,0
LRP11_p.P148H,0
CCDC170_p.D565N,0.000008264
SYNE1_p.L970M,0
SYNE1_p.M126I,0
ARID1B_p.P1411L,0
TULP4_p.P1229L,0
PLG_p.H187H,0
PLG_p.T248T,0.000008236
AGPAT4_p.T181T,0.000008237
PARK2_,0
GPR31_p.C258Y,0
GPR146_p.D63D,0.000008245
SNX8_p.R416H,0.000008246
CHST12_p.R113C,0
TTYH3_p.R494H,0
FOXK1_p.R486Q,0.00001658
FOXK1_p.S534L,0
AP5Z1_p.T772M,0.00004959
MMD2_p.L51M,0
MMD2_p.Y14Y,0
RBAK-RBAKDN_p.R175H,0
TNRC18_p.G2963S,0.000008682
TNRC18_p.A1300T,0.00003313
TNRC18_p.A295A,0
ACTB_p.Y69C,0
ACTB_,0
DAGLB_p.Y414C,0.000008236
DAGLB_p.A411T,0
ZNF853_p.R476W,0
RSPH10B2_p.Q31Q,0.000008326
VWDE_p.V143I,0
HDAC9_p.P613S,0
MACC1_p.P541P,0
ITGB8_p.I202I,0
ABCB5_p.A503T,0.00001647
DNAH11_p.R3160Q,0.000008278
STEAP1B_p.D26G,0
C7orf71_p.P15P,0
TAX1BP1_p.D407D,0
WIPF3_p.A310V,0
SCRN1_p.E217E,0
FKBP14_p.Q90H,0
NOD1_p.P366P,0.00002471
RP9_p.T115M,0.00001647
CDK13_p.L861L,0
GLI3_p.G1054G,0.000008236
HECW1_p.R1297Q,0.000008277
URGCP_p.P580P,0.000008271
URGCP_p.M570T,0
SPDYE1_p.R297W,0.000008236
AEBP1_p.R586H,0
NPC1L1_p.V153M,0.000008236
ZMIZ2_p.V641A,0
MYO1G_p.H789H,0.00001647
PKD1L1_p.V502I,0.00001647
PKD1L1_p.N421N,0.00002471
ABCA13_p.K699R,0
ABCA13_p.T1367A,0
LANCL2_p.G42G,0
MRPS17_p.S112S,0.00004118
CCT6A_p.D298N,0
ZNF716_p.W30*,0
ZNF716_p.S172C,0
ZNF727_p.P423P,0
ZNF117_,0
ERV3-1_p.H260H,0
ZNF92_p.T392M,0.00002473
KCTD7_p.R70Q,0.00001647
TYW1_p.G253G,0.00004118
WBSCR17_p.T179T,0.00004942
FZD9_p.M473T,0
DNAJC30_p.A170V,0
ELN_p.P658T,0
LIMK1_p.R634H,0.00001649
CLIP2_p.G215G,0
GTF2I_p.A42A,0.000008236
HIP1_p.D719E,0
POR_p.V85A,0
POR_,0
PCLO_p.T926T,0
PCLO_p.S383S,0
KIAA1324L_p.D802D,0
KIAA1324L_p.N798Y,0
C7orf63_p.G610D,0
CDK14_p.L19L,0
CYP51A1_p.A172A,0
ANKIB1_p.V814M,0.00000827
CCDC132_p.S432I,0
CASD1_p.T398T,0.000008238
PON1_p.V37A,0
DLX6_p.A259V,0
PTCD1_p.R319W,0.00001654
C7orf43_p.T173I,0
MEPCE_p.R394H,0
LRCH4_p.A638V,0.00002506
LRCH4_p.G13C,0
GIGYF1_p.S983S,0.00001648
GIGYF1_p.L910L,0
GIGYF1_p.A280V,0.000008236
EPHB4_p.A509A,0
EPHB4_p.R105C,0
SRRT_p.T671T,0
ACHE_p.V147I,0.00003295
MUC12_p.H505N,0
ATXN7L1_p.S800S,0
ATXN7L1_p.A603T,0
PNPLA8_p.E692*,0
PPP1R3A_p.G473*,0
WNT2_p.V23A,0
FEZF1_p.L466L,0
GRM8_p.G658R,0
ZNF800_p.G591G,0
GCC1_p.A54V,0
RBM28_p.S712S,0.00003295
RBM28_p.R182W,0.000008236
FLNC_p.V466I,0
SMO_p.A324T,0
AHCYL2_p.V230M,0
STRIP2_p.K726R,0
PLXNA4_p.T1041T,0
LRGUK_p.N476D,0
C7orf49_p.Y150Y,0
NUP205_p.A274V,0.000008236
TRIM24_p.P532P,0
ATP6V0A4_p.M311K,0
KIAA1549_p.R1342H,0.00003304
HIPK2_p.G1029G,0
TBXAS1_p.T400T,0.00001647
BRAF_p.G70G,0
MGAM_,0
RP11-1220K2.2_p.T1976T,0
TRPV6_p.G240S,0.000008236
EPHA1_p.F154V,0
OR2A2_p.L221P,0
CUL1_p.Q35H,0
KRBA1_p.R91Q,0.000008249
KRBA1_p.A560V,0.000008287
ZNF862_p.V327A,0
ATP6V0E2_p.R77C,0.00004965
ZNF775_p.G113R,0.00000829
NOS3_p.T669I,0
GBX1_p.A60V,0
ABCF2_p.M190V,0
WDR86_p.R137C,0.00001649
PRKAG2_p.W307C,0
KMT2C_p.E1313K,0.000008237
KMT2C_p.C1013R,0
ACTR3B_p.V143V,0
SHH_p.R406H,0
AC021218.2_p.G109C,0
ARHGEF10_p.S216S,0.00003295
CSMD1_p.I3403V,0
SGK223_p.S234S,0.000008273
ERI1_p.N266K,0
RP1L1_p.R1582Q,0.00002488
SOX7_p.S24S,0
PINX1_p.N24N,0
BLK_p.R466H,0
GATA4_p.A62A,0
CTSB_p.G284A,0.00003295
LONRF1_p.D291N,0
DLC1_p.L603I,0
SLC7A2_p.A531V,0.00004118
PCM1_p.S285N,0
INTS10_p.R362C,0
GFRA2_p.S419I,0.00001654
XPO7_p.G594*,0
FGF17_p.R96R,0
HR_p.P211P,0.00001651
REEP4_p.R240C,0.00001647
LGI3_p.P212S,0
PIWIL2_p.M920I,0
NKX2-6_p.H270P,0
DOCK5_p.H473H,0.00002471
KCTD9_p.R219*,0.000008236
EBF2_p.S506F,0
DPYSL2_p.R532Q,0
EXTL3_p.P409L,0
INTS9_p.S72S,0.000008236
NRG1_p.T411A,0
NRG1_p.P431P,0.00003302
FUT10_p.D344G,0
ZNF703_p.S400S,0
RAB11FIP1_p.A877A,0.00003295
DDHD2_p.P39Q,0.00002471
ADAM2_p.E234G,0
GOLGA7_p.I127V,0
PLAT_p.Q51Q,0.00001647
CHRNB3_p.G246W,0
SNTG1_p.Y303H,0
ATP6V1H_p.M129I,0
MTFR1_p.L199P,0
TRIM55_p.A3T,0
ARFGEF1_p.R789H,0.00004942
PREX2_p.Y176H,0
PREX2_p.C938F,0
PREX2_p.T1122T,0.00001647
MSC_p.D53Y,0
ZFHX4_p.L2475L,0
CA3_p.I166I,0
ATP6V0D2_p.Q299H,0.000008236
MMP16_,0
PDP1_p.A251V,0
POP1_p.R574Q,0.00004118
NCALD_p.R70H,0.000008236
UBR5_p.A1567T,0
LRP12_p.P377S,0
PKHD1L1_p.A3679V,0
CSMD3_p.H1812H,0.00003295
COLEC10_p.P72L,0.00001648
NDUFB9_p.A5V,0
ADCY8_p.I1101I,0.00004942
HHLA1_p.S387R,0
KCNQ3_p.A834A,0
COL22A1_p.G152V,0
BAI1_p.G221G,0
ARC_p.V115M,0
CYP11B1_p.A291V,0
GLI4_p.C244C,0.000008252
RHPN1_,0.00003532
EEF1D_p.E260D,0
FAM83H_p.A552T,0
EPPK1_p.L1959P,0
EPPK1_p.G1570C,0
EPPK1_p.A1361T,0.00001664
EPPK1_p.L413L,0
PLEC_p.A1434A,0
HSF1_p.R106C,0
KIFC2_p.G484D,0
GPT_p.V279M,0
LRRC14_p.R208C,0.00003303
FOXD4_p.R8C,0
KANK1_p.V71M,0.00004942
DMRT1_p.R98H,0
VLDLR_,0
KCNV2_p.R132C,0
KCNV2_p.L182P,0
KCNV2_p.V257A,0
GLDC_p.A882T,0
GLDC_p.L726R,0
MPDZ_p.A1531V,0
NFIB_p.S379L,0
DENND4C_p.L215I,0
IFNA10_p.F50L,0
DNAJA1_p.Y33C,0
KIAA1161_p.A226T,0
DCTN3_p.K123K,0
ARID3C_p.A216T,0
IL11RA_p.L276P,0
FAM214B_p.M1I,0
RUSC2_p.S69N,0
CD72_p.R315H,0.00001647
GBA2_p.R850H,0
CCIN_p.I363I,0
ZBTB5_p.S660P,0
CNTNAP3_p.D639N,0
FAM189A2_p.T99T,0.000008236
APBA1_p.I270N,0
PTAR1_p.R317W,0.00004972
SMC5_p.T737A,0
TRPM3_p.I558I,0
PCSK5_p.L579L,0
PRUNE2_p.A795A,0.00003322
PSAT1_p.V293M,0
SPATA31D1_p.G1020R,0.00001655
ZCCHC6_p.D880D,0
DAPK1_p.A40A,0
SECISBP2_p.D753D,0
SEMA4D_p.S373S,0.000008236
SEMA4D_p.R113W,0
WNK2_p.V1544A,0
FAM120A_p.S435L,0
HIATL1_p.R42P,0.00003295
CCDC180_p.S322I,0
TRIM14_p.D368N,0
CORO2A_p.A302V,0
RNF20_p.R263*,0.000008236
RNF20_p.P529P,0
RNF20_p.A918P,0
OR13F1_p.M118T,0.00004942
OR13C4_p.C97Y,0.00003295
OR13C3_p.K52E,0
ZNF462_p.A1724V,0
ZNF462_p.C2419R,0
PTPN3_p.G769S,0
C9orf152_p.A23A,0
OR2K2_p.V169I,0.00001647
SLC46A2_p.L227L,0
SLC31A1_p.V183V,0
ALAD_p.M255I,0
RGS3_p.L1100M,0.000008236
ZNF618_p.S389G,0
COL27A1_p.K1546K,0
RC3H2_p.A817V,0.00001654
CRB2_p.S888L,0
DENND1A_,0
LMX1B_p.M395V,0
RALGPS1_p.P380P,0
DNM1_p.R573W,0
GOLGA2_p.Y174H,0
TBC1D13_p.F260S,0
FNBP1_p.N372N,0.00004974
NUP214_p.P941H,0
NUP214_p.A1524V,0
NUP214_p.G1605C,0
PRRC2B_p.A1584A,0.00004141
TTF1_p.A854V,0
TTF1_p.D488G,0
TTF1_p.A348V,0
WDR5_p.G277D,0
COL5A1_p.A36T,0
COL5A1_p.I1573V,0.00004118
OLFM1_p.K41T,0
PPP1R26_p.S472S,0.00004942
MRPS2_p.I145K,0
SNAPC4_p.G1278G,0.00003416
NOTCH1_p.P2222L,0.00002479
NOTCH1_p.G1313G,0
AGPAT2_p.P183P,0
AGPAT2_p.R121W,0.00003295
LCN10_p.Y45H,0
C9orf172_p.G755C,0
FBXW5_p.A505V,0
NELFB_p.R223C,0
NSMF_p.I351V,0
NSMF_p.R215H,0.00001647
EHMT1_p.D1181D,0
ADARB2_p.T529T,0.0000412
ADARB2_p.L286L,0
CALML5_p.T71T,0
SFMBT2_p.D145D,0.00001647
ITIH5_p.G722R,0.00001647
CUBN_p.T1423M,0.000008236
PLXDC2_p.K520R,0
GAD2_,0
ZNF438_p.R546H,0.000008236
KIF5B_p.R800C,0
PARD3_p.K992R,0
CCNY_p.R134M,0
BMS1_p.A741V,0
RASGEF1A_p.S17N,0
ZNF32_p.R229S,0
NPY4R_p.C201C,0
SLC18A3_p.L287L,0
SGMS1_p.R302P,0.00001647
PRKG1_p.E211K,0.000008238
UBE2D1_p.P57P,0.00002471
ANK3_p.E2605G,0
ANK3_p.L239F,0
ARID5B_p.P590H,0
MYPN_p.A1148T,0.00001647
STOX1_p.I775I,0
DDX50_p.G731G,0
HK1_p.D220D,0.00003295
EIF4EBP2_p.Q115R,0
CHST3_p.R189R,0
OIT3_p.W87R,0
SYNPO2L_p.D497N,0.00001669
VDAC2_p.R229C,0
POLR3A_p.A930T,0.00002471
ZMIZ1_p.R844W,0
DYDC1_p.L123V,0
OPN4_p.S115S,0
FAM25A_p.G4G,0
IFIT2_p.A353S,0
PPP1R3C_p.R187H,0.000008236
BTAF1_p.T1207T,0
MYOF_p.A1417A,0
PDE6C_p.T68T,0
NOC3L_p.V364I,0.00003295
CYP2C19_p.G417E,0
TCTN3_p.S518S,0
TLL2_p.G768G,0
TLL2_p.L7F,0
SLIT1_p.A430V,0
ANKRD2_p.A330T,0.00004949
CNNM1_p.P375L,0
MRPL43_p.L159P,0
PPRC1_p.S650L,0.000008236
GBF1_p.R1168G,0
GBF1_p.G1693D,0
PSD_p.A972V,0.00001647
TRIM8_p.S444S,0
WBP1L_p.L93L,0
CNNM2_p.G204D,0
INA_p.V107M,0
WDR96_p.R1264Q,0.00001647
SORCS1_p.S879S,0.00001647
SMC3_p.A63T,0
PDCD4_p.I344T,0
CCDC172_p.I242M,0.000008239
PNLIPRP1_p.R141Q,0
EIF3A_p.R190H,0.000008236
BTBD16_p.L123L,0
BTBD16_p.T244A,0
OAT_p.V393A,0
ZRANB1_p.L511P,0
CTBP2_p.T65M,0.00001648
UROS_p.Y56Y,0.000008236
BCCIP_p.C216R,0
MKI67_p.L2559M,0
TCERG1L_p.R458*,0.00002491
TTC40_p.K58N,0
ODF3_p.S25G,0
SIRT3_p.R345W,0.00004118
PHRF1_p.C108Y,0
DRD4_p.P327L,0
EPS8L2_p.R223H,0.00001299
CD151_p.I209I,0
CHID1_p.R292*,0
MUC6_p.T2423T,0
MUC2_p.L2386I,0
MUC5B_p.R5339R,0.00003586
CARS_p.P120P,0
ZNF195_p.M560V,0
HBE1_p.A85T,0
OR51I1_p.L36F,0
OR56B4_p.C123C,0
C11orf42_p.S145S,0
CCKBR_p.R201H,0.00004942
DCHS1_p.A1640T,0
DCHS1_p.G765R,0
OR2AG1_p.I31V,0.00002471
CYB5R2_p.T275I,0.00003299
EIF3F_p.A44T,0
ADM_p.A38V,0
ZBED5_p.T386I,0
SOX6_p.T401A,0
OTOG_p.P827P,0
OTOG_p.R2520L,0
MRGPRX4_p.P322S,0
GTF2H1_p.T503M,0
PTPN5_p.R324W,0
CSRP3_p.S95A,0
DBX1_p.R175R,0
SLC17A6_,0
ARL14EP_p.R134H,0.00002471
MPPED2_p.P146T,0.000008236
CAPRIN1_p.R81*,0
LDLRAD3_p.R210W,0.00001647
CKAP5_p.Q813*,0
DDB2_p.V127M,0.00001647
DDB2_p.Y356C,0
MYBPC3_p.F823L,0
SLC39A13_p.G327S,0
AGBL2_p.R293Q,0.00003295
AGBL2_p.T7T,0.000008236
FNBP4_p.P909P,0
OR4C46_p.C300C,0
OR5D14_p.Q140*,0
OR5D16_p.Q198R,0
OR5R1_p.L23L,0
OR5M11_p.T191T,0
OR5M1_p.L47L,0
GLYATL1_p.L10L,0
ZP1_p.L492S,0
DAGLA_p.A947T,0
MYRF_,0
RAB3IL1_p.G306G,0
WDR74_p.T99I,0.000008321
RCOR2_p.P24H,0.00001654
STIP1_p.R433W,0
SLC22A11_p.R430L,0.00003295
SLC22A11_p.L527M,0
RASGRP2_p.C186Y,0.000008237
MEN1_p.R485Q,0
EHD1_p.P523P,0.00002477
ATG2A_p.V1684I,0.00002471
ATG2A_p.S892S,0.00004141
PPP2R5B_,0
VPS51_p.G247G,0
POLA2_p.P513L,0
SLC25A45_p.G241V,0
SART1_p.R586R,0
TMEM151A_p.A153T,0
RBM14_p.R657W,0
RBM4_p.Q140R,0
RBM4B_p.R182H,0.000008236
PC_p.A595V,0
SSH3_p.A404T,0
TBC1D10C_p.R81W,0.00002767
UNC93B1_p.H491H,0
UNC93B1_p.V60M,0
PPP6R3_p.R495*,0
FGF19_p.R151W,0
PPFIA1_p.R417R,0
SHANK2_p.A1081V,0
CLPB_p.R628R,0
CLPB_p.R329C,0.000008237
ARAP1_p.R651C,0.00004118
C2CD3_p.K695N,0
PGM2L1_p.D530D,0
SERPINH1_p.A169T,0.000008242
TSKU_p.L133M,0
MYO7A_p.A1040A,0.000008271
PAK1_p.A26A,0.000008236
TENM4_p.A2560V,0
CREBZF_p.*355Q,0
SYTL2_p.S50T,0
HEPHL1_p.P724L,0
JRKL_p.P316P,0
MMP10_p.G104V,0
GUCY1A2_p.Q541R,0
DLAT_p.P224H,0
DLAT_,0
IL18_p.T22T,0.00001656
TTC12_p.A460V,0
DRD2_p.I397M,0
ZNF259_p.P18P,0
APOA5_p.G271S,0.00001647
SIK3_p.R773C,0.000008236
SIK3_p.C200C,0.00001647
BACE1_p.Y132H,0
HMBS_p.E242K,0.00002471
TECTA_p.K1437R,0
OR8A1_p.A136T,0
ROBO4_p.W297C,0
CDON_,0
SRPR_p.R624C,0
ARHGAP32_p.P1033P,0
PRDM10_p.S947S,0.000008236
PRDM10_p.M814L,0
VPS26B_p.L126L,0
ACAD8_p.C116C,0
B3GAT1_p.R175R,0
B3GAT1_,0
SLC6A12_p.C399C,0
KDM5A_p.P837P,0
WNK1_p.T875M,0.00001647
TEAD4_p.A42T,0
AKAP3_p.E750D,0
AKAP3_p.I684V,0
PLEKHG6_p.E676K,0.00001663
LTBR_p.R265H,0.00001647
NCAPD2_p.L128P,0
NOP2_p.E687K,0.00002481
NOP2_p.T542M,0.00001655
ZNF384_p.D209G,0
COPS7A_p.R148H,0.000008236
MLF2_p.R222*,0
LAG3_p.S236A,0
LAG3_p.P480L,0.000008321
ATN1_p.R1041W,0.00000824
PTPN6_p.A330T,0
SLC2A14_p.L19L,0
CLEC7A_,0
TAS2R46_p.S273L,0
LRP6_p.L317P,0
PLEKHA5_p.K774E,0
AEBP2_p.E104D,0
C2CD5_p.Q526Q,0.000008237
ASUN_p.R705Q,0.000008237
AMN1_p.M46I,0
PKP2_p.R811C,0.00004118
SYT10_p.R312*,0.00001647
SLC2A13_p.W480C,0
MUC19_p.S2108*,0
HDAC7_p.R554L,0
RND1_p.A145A,0
KCNH3_p.S129P,0
SMARCD1_p.R493Q,0
ACVRL1_p.C36Y,0
KRT83_p.N103S,0.00001647
KRT84_p.A99V,0
KRT6B_p.R160W,0
KRT6C_p.R160W,0.00002532
KRT74_p.D399G,0
SOAT2_p.A196A,0
HOXC9_p.A67V,0
HOXC9_p.R196H,0.000008237
DCD_p.A24V,0
CD63_p.G74R,0
GDF11_p.A92V,0
WIBG_p.M1T,0
RPS26_p.L64F,0
BAZ2A_p.L1799F,0
SDR9C7_p.V155I,0
ZBTB39_p.L358P,0
NXPH4_p.K293N,0
DCTN2_p.G193G,0
CTDSP2_p.R179W,0.000008266
XPOT_p.T82T,0.00001647
MSRB3_p.G90V,0
TSPAN8_p.I234I,0.000008236
KCNC2_p.T278M,0.00001647
PTPRQ_p.G436*,0
MYF5_p.D30D,0.00002471
ATP2B1_p.S1215G,0
PLXNC1_p.N1513S,0
FGD6_p.I1154I,0
C12orf55_p.R104Q,0
C12orf55_p.R105C,0
C12orf55_p.C3038Y,0
APAF1_p.F707S,0
ANKS1B_p.T751I,0
STAB2_p.Y1240C,0
HCFC2_p.N471N,0
KIAA1033_p.Y119C,0.000008283
APPL2_p.Y283Y,0
MTERFD3_p.Q264*,0
BTBD11_p.A697V,0
ASCL4_p.A56T,0
WSCD2_p.Y433Y,0
SSH1_p.E538D,0
ACACB_p.G1792S,0.000008236
KCTD10_p.A270A,0.00001647
UBE3B_p.R478Q,0
UBE3B_p.S901G,0
GIT2_p.A253T,0
ATP2A2_p.N910S,0
FAM216A_p.Y212Y,0.000008237
VPS29_p.Y129H,0
PPTC7_p.V15M,0
CCDC63_p.E253E,0
TMEM116_p.A172G,0.000008236
HECTD4_p.R3841W,0
HECTD4_p.Q3773P,0
HECTD4_p.R1288H,0
OAS3_p.A299A,0
DDX54_p.L317I,0
IQCD_p.R426Q,0
MED13L_p.Y261C,0
CIT_p.L939I,0
HNF1A_p.V446M,0.000008237
CAMKK2_p.R91W,0.000008258
SETD1B_p.V1447I,0
SETD1B_p.H1742H,0.00003781
ZCCHC8_p.P142L,0.000008279
KNTC1_p.L18P,0
SBNO1_p.K394R,0
TMEM132C_p.A691A,0.0000388
FZD10_p.V246M,0
FZD10_p.A376A,0
EP400_p.T1804N,0
ZNF605_p.G529W,0
LATS2_p.P516L,0.000008285
PABPC3_p.R374C,0
SHISA2_p.L227P,0
MTUS2_p.P993L,0.00003312
FRY_p.R2358R,0
PDS5B_p.A95A,0
RFXAP_p.G126G,0
FREM2_p.R1515H,0.00004118
KBTBD7_p.D354D,0
ZC3H13_p.R1199C,0
ZC3H13_p.R148G,0
SUCLA2_p.M240T,0
RCBTB1_p.R314W,0.00001647
NEK5_p.T185M,0
PCDH8_p.V506A,0
PCDH20_p.S897N,0
PCDH9_p.G445G,0
LMO7_p.R271H,0
SCEL_p.G251G,0
SCEL_p.R346K,0.000008236
SLITRK1_p.V158M,0
SLITRK5_p.A729T,0
IPO5_p.L730L,0
SLC15A1_p.S76L,0.000008236
GGACT_p.S139S,0
ITGBL1_p.D188N,0
CCDC168_p.P1652T,0
ABHD13_p.T116T,0
RAB20_p.A184T,0
CARS2_p.I326I,0
MCF2L_p.D1043N,0.00001668
LAMP1_p.R298W,0.00004139
TMCO3_p.D205N,0.00001647
GRK1_p.P541P,0
TMEM255B_p.R275H,0.00001647
CHAMP1_p.R321R,0
OR11H12_p.L146F,0.000008372
OR4M1_p.F34L,0
OR4K5_p.L115L,0
OR11H4_p.K153E,0
TTC5_p.V341M,0.000008236
OSGEP_p.R186Q,0
ARHGEF40_p.L586P,0.000008236
HAUS4_p.C20Y,0
CEBPE_p.R228H,0
SLC7A8_p.A367V,0
MYH6_p.R1679C,0
MYH7_p.A1910A,0.00002471
AP1G2_p.V311V,0
DHRS4L2_p.R191H,0.0000165
PCK2_p.A365D,0
RIPK3_p.V156I,0.00001648
NYNRIN_p.A1660T,0
FOXG1_p.T270M,0
G2E3_p.T39I,0
BAZ1A_p.H656R,0
CTAGE5_,0
FKBP3_,0
MDGA2_p.I949I,0
MDGA2_p.C622C,0
FBXO34_p.R297C,0
FBXO34_p.A515T,0.000008236
SLC35F4_p.R19W,0
PCNXL4_p.L245L,0
PLEKHH1_p.Q334Q,0
RDH12_p.S175S,0.00001647
ZFYVE26_p.S2217L,0
ZFYVE26_p.Q910H,0
GALNT16_p.K179N,0.00001647
PLEKHD1_p.S328S,0
CCDC177_p.A104V,0
PCNX_p.K672T,0
DPF3_p.R277R,0
ELMSAN1_p.Q471R,0
YLPM1_p.N792D,0
NEK9_p.C539Y,0
VASH1_p.V58I,0
IRF2BPL_p.K410N,0
ISM2_p.G482V,0
ISM2_p.E283D,0
ISM2_p.P178P,0.00004118
ISM2_p.T99T,0.00004118
EML5_p.I1417V,0
NRDE2_p.A330T,0
C14orf159_p.T101A,0.000008236
GPR68_p.G314G,0
GPR68_p.S271P,0
CCDC88C_p.E150D,0
ATXN3_p.D223D,0.00004118
ATXN3_p.D175G,0
DICER1_p.Y546C,0
SLC25A47_p.G51D,0
WARS_p.T453T,0.000008236
WDR25_p.P248S,0
WDR25_p.W543*,0
DYNC1H1_,0
ZNF839_p.P644P,0.00004962
CINP_p.L122L,0
BAG5_p.N325K,0.00001647
KIF26A_p.H470R,0
KIF26A_p.R629C,0.00004159
KIF26A_p.P1305L,0.00001686
AHNAK2_p.P2557L,0.00001656
C14orf79_,0
JAG2_p.R499*,0
DKFZP547L112_p.R123C,0
NIPA1_p.A180V,0
MKRN3_p.G131D,0
MAGEL2_p.E73E,0
ATP10A_p.A1250V,0.000008236
ATP10A_,0
GABRB3_p.T370A,0
GOLGA8M_p.G205D,0
TJP1_p.T25M,0.00004138
RYR3_p.A430T,0
ACTC1_p.G247D,0
ANKRD63_p.R212C,0
PLCB2_p.W293*,0.000008264
C15orf52_p.S407P,0
RPUSD2_p.K64N,0
CASC5_p.N1423K,0
INO80_p.A321V,0
SPTBN5_p.R3092W,0.00002485
PLA2G4D_p.T474A,0
STARD9_p.N466S,0.00004708
DUOX2_p.N462D,0
DUOXA1_p.A176A,0.000008236
DUOX1_p.R722W,0.00002471
SHF_p.R251Q,0.00004123
SHF_p.L45L,0
GATM_p.S318P,0
SPATA5L1_p.G468G,0
SLC12A1_p.G261C,0
SLC12A1_p.K876K,0
FBN1_p.S687G,0
USP50_p.D13N,0
UNC13C_p.R182*,0.000008275
PIGB_p.R339Q,0.00002483
CCPG1_p.R436W,0.000008276
TLN2_p.A552T,0
TLN2_p.R1672Q,0.000008236
APH1B_p.I60I,0
HERC1_p.A3823A,0
PLEKHO2_p.R201Q,0
PDCD7_p.A125V,0
DPP8_,0
DPP8_p.T567T,0
RPL4_p.A358T,0
ZWILCH_p.I433T,0
KIF23_p.R64Q,0.00002471
TLE3_p.T117T,0.00000824
MYO9A_p.R1220S,0
MYO9A_p.E109E,0
CELF6_p.P64P,0
HCN4_p.D654N,0
HCN4_p.A62V,0
NPTN_p.P279H,0
ARID3B_p.Q12Q,0
CLK3_p.M534V,0
LMAN1L_p.P141P,0
C15orf39_p.R692Q,0.00004942
SIN3A_p.E927*,0
CSPG4_p.Q1515K,0
SCAPER_p.R1248Q,0
PSTPIP1_p.G32D,0
PSTPIP1_p.D152D,0.00001664
ACSBG1_p.G522G,0
IL16_p.Q201P,0
STARD5_p.A202T,0
TMC3_p.Y620C,0
BTBD1_p.V301I,0
ACAN_p.V479I,0.00004394
HAPLN3_p.R71C,0
MFGE8_p.R46Q,0.000008236
RHCG_p.P455P,0
RHCG_p.V195M,0.000008236
KIF7_p.A437T,0
SEMA4B_p.R418C,0
GDPGP1_p.G221D,0
FURIN_p.W547R,0
SLCO3A1_p.P106L,0
CHD2_p.Q1096K,0
TTC23_p.A87V,0
LRRK1_p.S942A,0
CHSY1_p.N677D,0
SNRNP25_p.R80H,0
RHBDF1_p.T627T,0.000008237
RHBDF1_p.R378R,0
AXIN1_p.R353H,0.00001648
CACNA1H_p.T420M,0
CACNA1H_p.G624S,0.00001714
CACNA1H_p.D1895D,0
IFT140_p.A689V,0.00004119
MAPK8IP3_p.P902P,0
ZNF598_p.R307R,0.000008297
NTHL1_p.G231G,0
PKD1_p.S4179S,0.000008285
PKD1_p.R3107R,0.00003459
PKD1_p.R2515W,0.00001666
PKD1_p.T2409M,0
PKD1_p.C885Y,0
ABCA3_p.A1405V,0.00004118
CCNF_p.I43V,0
CCNF_p.R521C,0.00003295
TBC1D24_p.S88N,0
TBC1D24_p.R486C,0.00004147
AMDHD2_p.Q409*,0.00001647
FLYWCH1_p.R495C,0.00004396
ZNF205_p.H375Y,0.000008237
CREBBP_p.T573A,0
ANKS3_p.R286Q,0.00002471
UBN1_p.D287G,0
RBFOX1_p.T98M,0.00004118
PDXDC1_p.A153T,0.000008236
KIAA0430_p.Q1342*,0
KIAA0430_p.R1272C,0.000008276
FOPNL_p.P134S,0
XYLT1_p.R551H,0.00004118
TMC5_p.G85G,0
DNAH3_p.S2878S,0.000008236
COG7_p.E172G,0
ARHGAP17_p.M8I,0
NSMCE1_p.L36L,0
KIF22_,0
TAOK2_p.R489W,0
TAOK2_p.R1200C,0.00002494
FAM57B_p.L29L,0
TBC1D10B_p.P680P,0.00003491
SRCAP_p.R2255C,0
RNF40_p.S267P,0
RNF40_p.R481C,0
ZNF629_p.R428Q,0
ZNF668_p.R253H,0
FUS_p.G228G,0
RP11-812E19.9_p.A94T,0
HEATR3_p.A486T,0.0000165
CYLD_p.L39L,0
SALL1_p.P351P,0
CHD9_,0
RPGRIP1L_p.E123*,0
IRX6_p.R350C,0
NLRC5_p.E192E,0
CCDC102A_p.R231C,0.00000828
CCDC135_p.F657F,0
ZNF319_p.P13L,0
CDH8_p.I441T,0
CDH8_p.P79L,0
AC132186.1_p.R48W,0
EXOC3L1_p.V285V,0.00001649
PLEKHG4_p.Y859F,0
PLEKHG4_p.C1190Y,0
FAM65A_p.S200R,0
CTCF_p.T45M,0.00003295
CTCF_p.A629V,0
ENKD1_p.R214Q,0
THAP11_p.A204A,0
LCAT_p.G327G,0.00004118
PRMT7_p.S409S,0
SMPD3_p.L68M,0
CIRH1A_p.L348I,0
NFAT5_p.G1363W,0
PDPR_p.G538V,0
PDPR_p.V557V,0
PDPR_p.K868N,0
DDX19B_p.R82W,0
FUK_p.C104Y,0
FUK_p.R235R,0
FUK_p.T542M,0.00003381
VAC14_p.G475C,0
NPIPB15_p.V425V,0
CLEC18B_p.I175T,0
GLG1_p.R394H,0
GLG1_p.R297R,0
MLKL_p.T246S,0
BCAR1_p.A869V,0
KARS_p.R80C,0
ATMIN_p.S438S,0.00004118
ATMIN_p.A570V,0
SLC38A8_p.R150H,0.000008237
COTL1_p.F108V,0
FOXL1_p.A227A,0
ZNF469_p.S646S,0
ZNF469_p.T2357T,0
ZFPM1_p.C350C,0
CDH15_p.R112R,0.00003299
ANKRD11_p.L673P,0
CPNE7_p.E585*,0
SPATA2L_p.A255A,0.00002479
FANCA_p.R350W,0.00004118
TCF25_p.D31D,0
MC1R_p.H217Y,0
TLCD2_p.R220C,0
WDR81_p.T449M,0
CAMKK1_p.D258D,0
ATP2A3_p.R524H,0.000008237
ATP2A3_p.I522I,0.00002471
ATP2A3_p.L180R,0
ZZEF1_p.R871*,0
ZZEF1_p.R215R,0.000008236
SPNS3_,0.000008237
SPNS2_p.C173C,0.0000166
MYBBP1A_p.D1194G,0
SMTNL2_p.Q73Q,0
ALOX15_p.N151N,0
PLD2_p.A880A,0
CHRNE_p.D158V,0
ENO3_p.Y257C,0
ENO3_p.L341V,0
KIF1C_p.R153W,0.00001647
SLC52A1_,0
NLRP1_p.E40D,0
KIAA0753_p.E657D,0
MED31_p.R114H,0
ALOX12_p.G102G,0
SLC16A13_p.Q63*,0
KCTD11_p.R228H,0
DNAH2_p.R1991C,0.000008236
KDM6B_p.H1516H,0
GUCY2D_p.T724M,0.000008236
ALOX15B_p.P325L,0.00002471
ALOX12B_p.R643R,0
ARHGEF15_p.P22S,0
NTN1_p.R296C,0
MYH4_p.Y1492Y,0.000008238
MYH4_p.P133P,0.000008236
MYH1_p.L1866P,0
MYH2_p.R1695W,0
CDRT4_p.A122A,0.000008236
TRIM16_p.R393H,0.000008237
ADORA2B_p.R228W,0.000008236
FLCN_p.R362C,0.00001647
RAI1_p.R1142C,0.000008236
DRG2_p.L159L,0
FLII_p.D783D,0.000008238
ALDOC_p.N55S,0
SUPT6H_p.H948R,0
RAB34_p.A127S,0
RAB34_p.A14A,0
MYO18A_p.R1655W,0.00004957
MYO18A_p.R1290Q,0.000008262
NUFIP2_p.H79H,0.000008237
NUFIP2_p.Y37H,0
NF1_p.R711R,0.00007413
NF1_p.R1695Q,0
RHBDL3_p.Q113H,0
CDK5R1_p.T138M,0
ZNF830_p.H99R,0
ZNF830_p.R366S,0
GAS2L2_p.P412P,0
LHX1_p.L365L,0
AATF_,0
ACACA_p.R1371C,0
GPR179_p.P2058S,0
ARHGAP23_p.R115H,0
SRCIN1_p.G457G,0
MLLT6_p.A771T,0
PIP4K2B_p.V191M,0
PIP4K2B_p.T137M,0.000008236
LASP1_p.V232M,0
PGAP3_p.V188M,0.00002471
IGFBP4_p.E120K,0
HAP1_p.T405I,0
FKBP10_p.R97C,0
ACLY_p.M327T,0
CNTNAP1_p.R1058H,0.00001647
MPP2_p.R357H,0
UBTF_p.N764K,0
FAM171A2_,0
KIF18B_p.S697N,0
PLCD3_p.D59D,0
HEXIM2_p.R247H,0
FMNL1_p.Y163C,0
FMNL1_p.A475A,0
FMNL1_p.P554P,0
SCRN2_p.T50T,0
SP2_p.P554H,0
NFE2L1_p.T16T,0
PHB_p.S151S,0.00004942
NGFR_p.V23M,0
COL1A1_p.G1106D,0
XYLT2_p.G215S,0.00003295
EPN3_,0
CACNA1G_p.V914I,0
VEZF1_p.V428A,0.000008236
DYNLL2_p.A25T,0
44078_p.P269A,0.00003295
C17orf47_p.R333H,0.00002471
TEX14_p.Q218Q,0
CLTC_p.Q1142H,0
VMP1_p.P27T,0
BCAS3_p.R796H,0
MRC2_p.T582T,0.00003295
GNA13_p.R260*,0
RGS9_p.S557S,0
AXIN2_p.R538W,0.000008236
BPTF_p.I1971I,0
CDC42EP4_p.E282D,0
GPR142_p.A439V,0
TMEM104_p.V399M,0.00003295
GRIN2C_p.Q63K,0
ITGB4_p.R1665Q,0.00003295
GALK1_,0
UNC13D_p.P33P,0
FBF1_p.E975K,0.000008297
EVPL_p.S219L,0
QRICH2_p.V340V,0
RHBDF2_p.V428M,0.00003302
RHBDF2_p.R318Q,0.00001647
RHBDF2_p.Y151Y,0.00001649
SEC14L1_p.A437V,0
TMC8_p.P472L,0
AC087645.1_p.K137K,0
PGS1_p.R437*,0
PGS1_p.S526S,0
LGALS3BP_p.L143L,0
LGALS3BP_p.T16S,0.00002471
CBX8_p.R204Q,0
GAA_,0
CARD14_p.S202L,0.000008465
RNF213_p.A1452V,0.00004399
RNF213_p.R3137H,0
RNF213_p.A3860T,0
RPTOR_p.S1305S,0
RP11-1055B8.7_p.T312M,0
RP11-1055B8.7_p.A2304D,0
HGS_p.A411A,0
FASN_p.L1138L,0
SLC16A3_p.K431K,0
HEXDC_p.A211A,0.00001655
WDR45B_p.H251H,0.00001647
USP14_p.T304T,0.00001647
LPIN2_p.S849L,0
DLGAP1_p.S935T,0
LAMA1_p.V756I,0.000008236
SOGA2_p.E454K,0
PIEZO2_p.P1223H,0
PIEZO2_p.M497V,0
CIDEA_p.A10V,0
CABLES1_p.A129V,0
C18orf8_p.P318H,0
LAMA3_p.G683E,0
LAMA3_p.C1689Y,0.000008236
LAMA3_p.A2188V,0.00004118
KCTD1_p.H185H,0.00002471
AQP4_p.M23I,0
RNF125_p.Y225Y,0
MEP1B_p.R166C,0
CELF4_p.Y199Y,0
SETBP1_p.T852T,0.00001647
SLC14A2_,0
EPG5_p.W967R,0
RNF165_p.L114P,0
TCEB3B_p.C713Y,0
TCEB3B_p.A3T,0.00003295
SMAD2_p.A292V,0
ZBTB7C_p.E151D,0
DYM_p.S48N,0.00002471
LIPG_p.L170L,0.00003295
MYO5B_p.N1777K,0
MYO5B_p.Q826*,0
CXXC1_p.R97W,0.00002471
STARD6_,0
ST8SIA3_p.Y364Y,0
ATP8B1_p.K504R,0
MALT1_p.E368K,0
LMAN1_p.Q315*,0
CCBE1_p.S63S,0.00004942
ZCCHC2_p.P794H,0
SERPINB4_p.V151V,0
CCDC102B_,0
FAM69C_p.C216Y,0
ZNF407_p.R1789W,0
TSHZ1_p.Q924H,0
ZNF516_p.A490A,0
ATP9B_p.G932S,0.000008236
PQLC1_p.R64W,0
PQLC1_p.L9F,0
ODF3L2_p.G111D,0
RNF126_p.H67H,0.00002476
PALM_p.G252R,0.00004957
KISS1R_p.Q248*,0
GRIN3B_p.F544L,0
TMEM259_p.S616S,0
ABCA7_p.R1895R,0.00001651
STK11_p.I26I,0
ATP5D_p.A116A,0.00003303
AP3D1_p.Q819R,0
AMH_p.A204V,0
AMH_p.A546A,0
OAZ1_p.C175*,0
LINGO3_p.S453S,0
ZNF555_p.T307I,0
ZNF77_p.T317T,0.00002471
TJP3_p.P829P,0
ATCAY_p.K128K,0
EEF2_p.E792K,0
MPND_p.P4P,0
CHAF1A_p.A398V,0
DPP9_p.F112F,0
TICAM1_p.S482S,0.000008237
PTPRS_p.T803I,0
SAFB2_p.E882K,0
PRR22_p.V349M,0
PSPN_p.A108A,0
TUBB4A_p.T429A,0
C3_p.V901M,0.00002471
C3_p.R315*,0
ARHGEF18_p.K196N,0
PNPLA6_p.R606H,0
STXBP2_p.T304T,0.000008237
TRAPPC5_p.V44A,0
EVI5L_p.D487N,0.0000416
LRRC8E_p.L747I,0
MAP2K7_p.R242H,0
FBN3_p.G2616G,0
FBN3_p.G906D,0
ADAMTS10_p.C1057C,0
ADAMTS10_p.R1000C,0
MUC16_p.R13755W,0.00001655
ZNF426_p.C453R,0
ICAM3_p.P117L,0
TYK2_p.Q489Q,0
SLC44A2_p.R519H,0.00002471
LDLR_p.V523M,0.00001647
CCDC151_p.L502R,0
PRKCSH_p.D101N,0
CNN1_p.T240T,0.00001647
ZNF442_p.A468A,0
MAST1_p.D926D,0.000008236
NACC1_p.M101V,0
IER2_p.P62S,0
IER2_p.Q179*,0
CACNA1A_p.V1808I,0
CACNA1A_p.E1206E,0
NANOS3_p.H74H,0.000008244
RFX1_p.A904T,0
LPHN1_p.A198A,0
LPHN1_p.A106V,0
DDX39A_p.D362N,0
TECR_p.H40N,0
ILVBL_p.L261L,0
WIZ_p.S98S,0
OR10H2_p.I259V,0
TPM4_p.D218G,0
RAB8A_p.L165L,0.00003295
MED26_p.V297M,0
CPAMD8_p.A665T,0.000008255
MYO9B_p.D1515D,0.000008263
MYO9B_p.G1789C,0
GTPBP3_p.A120T,0
SLC27A1_p.R121H,0.000008253
MAP1S_p.L1007L,0.00000826
B3GNT3_p.P153L,0
PIK3R2_p.T709A,0
CRTC1_p.L199I,0
COMP_p.R381C,0
DDX49_p.K63K,0
DDX49_p.I239L,0
ARMC6_p.L316L,0.000008236
SUGP1_p.K589N,0
ZNF682_p.R464W,0.00002476
ZNF682_p.K199K,0
ZNF626_p.V99I,0
ZNF429_p.C486R,0
ZNF726_p.H279Y,0
PLEKHF1_p.P194P,0
ZNF507_p.A538A,0
RHPN2_p.R449C,0.00001647
LRP3_p.R233R,0
ZNF302_p.H95R,0
GRAMD1A_p.R382Q,0.00001652
MAG_p.V318M,0.000008259
ATP4A_p.R441H,0
ATP4A_p.A146T,0.00002471
KMT2B_p.R525W,0
KMT2B_p.Q1638Q,0
NPHS1_p.Y1158H,0
NPHS1_p.V548M,0
WDR62_p.T781M,0.000008236
ZNF567_,0
ZNF585B_p.H553H,0.000008237
ZNF781_p.Y33H,0
SPINT2_p.R148C,0
FAM98C_p.R315Q,0.00000828
RYR1_,0
RYR1_p.R3493H,0.000008236
RYR1_p.D4402D,0
PAK4_p.D510D,0.000008237
SUPT5H_p.V174A,0
SUPT5H_p.L359L,0.00002471
CLC_p.E119G,0
LEUTX_p.N151K,0
AKT2_p.A173T,0
AKT2_p.R144Q,0
SHKBP1_p.G692C,0.00001648
LTBP4_p.H1236H,0.00002479
SNRPA_,0
CYP2F1_p.A344T,0
AXL_p.R48W,0.000008239
EXOSC5_p.C26C,0
ATP1A3_p.N489N,0.00003295
GRIK5_p.T272M,0.00002471
DEDD2_p.R285*,0
MEGF8_p.G1164D,0
MEGF8_p.G2591G,0.000008255
PSG2_p.G70G,0.00001648
IRGQ_p.A461V,0
IRGQ_p.A22V,0
IRGC_p.S339S,0
ZNF233_p.G240G,0
IGSF23_p.I98V,0
PVRL2_p.G48D,0
RELB_p.P121Q,0
RELB_p.R147H,0
PPP1R37_p.A445A,0
DMWD_p.G17G,0
RSPH6A_p.G631R,0.000008237
PPP5C_p.F315F,0
CCDC8_p.R277C,0
PTGIR_p.A98D,0
DACT3_p.A552D,0
DACT3_p.R489R,0
STRN4_p.R291C,0
STRN4_p.G40G,0
ARHGAP35_p.G1446G,0.00002479
ZC3H4_p.P558P,0
CCDC9_p.R135Q,0.000008239
DHX34_p.L162F,0
SLC8A2_p.R350R,0
TPRX1_p.G404G,0
CRX_p.S141S,0
LMTK3_p.A591V,0
FAM83E_p.S278S,0
TULP2_p.R70S,0
HRC_p.E546E,0
NOSIP_p.R296W,0
NOSIP_p.V251M,0.00004118
RRAS_p.A205V,0
SCAF1_p.E284D,0.000008243
AP2A1_p.A929V,0
ATF5_p.E239K,0
MYH14_p.E1119K,0.000008284
POLD1_p.V312M,0.00002472
LRRC4B_p.D242D,0
SYT3_p.E562K,0
SYT3_p.S393S,0.00001647
SIGLEC10_p.H419R,0
SIGLEC12_p.P540L,0.000008245
SIGLEC6_p.A9T,0
ZNF616_p.T628T,0.00003295
CTB-167G5.5_p.E57E,0
PRKCG_p.L481L,0
CACNG6_p.L239L,0
CNOT3_p.S267S,0
TMC4_p.L445F,0
TTYH1_p.D433G,0
LAIR2_p.P130P,0
SUV420H2_p.R312C,0.00000851
TMEM190_p.R57C,0.00002471
SSC5D_p.C1473R,0
ZNF579_p.R107C,0.00001717
ZNF579_p.C49C,0
EPN1_p.R124H,0
NLRP11_p.D206V,0.00004942
NLRP13_p.S269R,0
NLRP5_p.S706I,0.000008271
ZNF256_p.A2T,0
ZNF497_p.P245L,0.000008358
ZNF497_p.P104L,0
ZNF324B_p.L412F,0
ZNF324_p.A210T,0.000008237
ZBTB45_p.V93I,0.00004943
UBE2M_p.R166H,0
NRSN2_p.K89E,0
ANGPT4_p.R334L,0
PSMF1_p.E70A,0
EBF4_p.L521L,0
FASTKD5_p.H370H,0.00001647
HSPA12B_p.T105I,0
HSPA12B_p.A405A,0
TMX4_p.D116N,0
PLCB1_p.P1183T,0
LAMP5_p.R98H,0
ANKEF1_p.S353S,0.000008236
JAG1_p.R1116W,0.00002471
BTBD3_p.E236K,0.00001647
DTD1_p.R207W,0
SLC24A3_p.T515P,0
CST2_p.V70M,0
REM1_p.R246H,0
TPX2_p.M199I,0
XKR7_p.R524W,0.00001647
KIF3B_p.K22N,0
COMMD7_p.V72M,0.000008273
E2F1_p.G420G,0
MAP1LC3A_p.T76M,0
PIGU_p.Y329Y,0.000008236
ACSS2_p.P460S,0
CPNE1_p.T470A,0
EPB41L1_p.S75L,0.00001647
EPB41L1_p.R358Q,0.00001647
ARHGAP40_p.T362M,0.00003866
ACTR5_p.L260S,0
PLCG1_p.T1226M,0.00003295
CHD6_p.T2127T,0
JPH2_p.A654A,0.000008237
PABPC1L_p.S227N,0
TOMM34_p.T119T,0.000008236
WFDC5_p.S31W,0
MATN4_p.R407H,0
PIGT_p.S477N,0
ELMO2_p.V163I,0
ZNFX1_p.K1207N,0
MC3R_p.V140I,0.000008236
CASS4_p.R105H,0.00002471
NPEPL1_p.R520C,0.00001653
GNAS_p.S186L,0
ZNF831_p.G230D,0
KCNQ2_p.R553Q,0
KCNQ2_p.R491W,0
EEF1A2_p.A281V,0
HELZ2_p.V1747M,0.00001816
ZBTB46_p.R497C,0.00001668
ZBTB46_p.R291W,0.00002471
SOX18_p.A250V,0
C20orf201_p.P91P,0
JAM2_p.A145A,0
ADAMTS5_p.A298T,0
KRTAP19-6_p.C48Y,0
TIAM1_p.A407A,0
RUNX1_p.Y358C,0
TTC3_p.R1000H,0.00003295
TTC3_p.A1995T,0
KCNJ6_p.A115T,0
ETS2_p.S321S,0
MX2_p.V141V,0.00002471
RIPK4_p.A660V,0
PRDM15_p.R736L,0
C2CD2_p.L163S,0
CRYAA_p.S81A,0
TRPM2_p.V222A,0
TRPM2_p.R1310H,0.00002477
LSS_p.N516S,0
YBEY_p.D146D,0
DIP2A_p.T707A,0
CCT8L2_p.R78G,0.000008237
CECR2_p.E903D,0
CLTCL1_p.A1374T,0
CDC45_p.T513T,0.00001647
RTN4R_p.R189H,0
RIMBP3_p.T1124A,0
ZNF74_p.R239R,0.000008412
PI4KA_p.R1878C,0
AIFM3_p.S219S,0.00004118
AIFM3_p.V495M,0
LZTR1_p.C566C,0
P2RX6_p.R311H,0.00001683
AC002472.13_p.S255S,0
CCDC116_p.H18R,0
SDF2L1_p.M203T,0
PPIL2_p.T108T,0.000008236
PPM1F_p.T47T,0
ZNF280A_p.S302G,0
SGSM1_p.R1124*,0
KIAA1671_p.R1656W,0
LRP5L_p.D151N,0.00002471
TFIP11_p.D834N,0
MN1_p.M557V,0
TTC28_p.K345K,0
NEFH_p.E826K,0.00002471
LIF_p.N95N,0.00002471
RNF215_p.R306W,0.000008237
PES1_p.P9P,0.00001647
SLC5A1_p.I181T,0
LARGE_p.R77C,0.000008246
TOM1_p.A200T,0.00003295
AL049747.1_p.L44L,0
LGALS2_p.A25T,0.00001647
TRIOBP_p.P477L,0
TRIOBP_p.R523*,0.000008278
BAIAP2L2_p.Q69H,0
DDX17_p.G558G,0.000008237
SUN2_p.R338C,0
RPL3_p.V205A,0
MKL1_p.G473R,0
TOB2_p.S149S,0
ACO2_p.R395C,0.000008236
FAM109B_p.R165*,0
ARFGAP3_p.L132R,0
TTLL12_p.R440W,0.00001649
PARVG_p.A87A,0.00001647
KIAA1644_p.A153T,0.00003311
C22orf26_p.H86R,0
TRMU_p.E137G,0.00004118
CELSR1_p.G2775D,0
CELSR1_p.W2065*,0
BRD1_p.V241M,0.00001647
BRD1_p.T32T,0
ALG12_p.A356T,0
ALG12_p.V84M,0.00001647
TTLL8_p.R61Q,0.00001652
PLXNB2_p.N1449N,0.000008268
PLXNB2_p.L293L,0
KLHDC7B_p.T551A,0
MAPK8IP2_p.R386H,0.00001652
GTPBP6_p.H151H,0.00001663
ASMT_p.G118G,0
RBBP7_p.S418S,0
MAP3K15_p.R1286W,0.00002471
DCAF8L2_p.E144E,0
DMD_p.P3540S,0
RPGR_p.R661S,0
BCOR_p.W791*,0
USP9X_p.T2299T,0
DDX3X_p.R37C,0
CASK_p.D10D,0
FTSJ1_p.P207P,0.000008237
WDR13_p.R87H,0
OTUD5_p.A223T,0.000008237
WNK3_p.L1455V,0
MAGED2_p.P153S,0.000008251
TRO_p.S1387S,0.000008262
OPHN1_p.R739C,0.00002471
GDPD2_p.A347V,0
OGT_p.Q681R,0
PHKA1_p.A1171V,0
PHKA1_p.L893P,0
NAP1L6_p.G19G,0
ZCCHC13_p.A140T,0
BRWD3_p.P256P,0.00004943
PCDH19_p.H645H,0.00001652
SRPX2_p.Y116Y,0
FRMPD3_p.R948G,0
CAPN6_p.M199I,0
TMEM255A_p.R24Q,0.00001647
ENOX2_p.Q218H,0
HS6ST2_p.P314P,0
USP26_p.M340T,0
GPR112_p.N335N,0
MCF2_p.P482P,0
ATP11C_p.T687I,0
VMA21_p.G7D,0
DUSP9_p.P68P,0
L1CAM_p.L987L,0
NAA10_p.L158L,0.00003295
ATP6AP1_p.V136I,0.00001647
SMIM9_p.S46P,0
TGIF2LY_p.A140A,0.00002848
UTY_p.C1308R,0
CDK11A_p.R364R,0
GPR153_p.L262L,0
PLEKHM2_p.L629L,0
PLA2G2E_p.S35S,0.00001647
SNRNP40_p.L241L,0
SSBP3_p.D378N,0.000008236
PRPF38B_p.L174L,0
SLC22A15_p.A329V,0.00001654
POLR3C_p.L315L,0
YY1AP1_p.S278S,0
PAPPA2_p.P1655S,0
XPR1_p.I577I,0
PRG4_p.L632L,0
ZBTB41_p.R251I,0
SMYD2_p.C267Y,0
TLL2_p.S560S,0.00001647
GLYATL1_p.I202M,0.00001647
DDB1_p.V637I,0
AHNAK_p.K3029K,0.00001647
AHNAK_p.P2995P,0
CTSW_p.E126A,0
USP35_p.A462A,0.00001653
MMP20_p.T329I,0
KCNA6_p.G366D,0
SLC2A3_p.G161G,0
ATF7IP_p.M1226I,0
ENDOU_p.A201T,0
CCNT1_p.S431N,0
CCDC65_p.A423A,0
FMNL3_p.S483N,0
KRT6C_p.L306L,0
KRT2_p.Q230H,0
LRIG3_p.A485T,0
DPY19L2_p.R86C,0
PWP1_p.P81P,0
PWP1_p.D364A,0
CORO1C_p.K403R,0
TPTE2_p.E306D,0
C14orf93_p.S147S,0.00002471
HEATR5A_p.Y683C,0
KCNK13_p.L381L,0
RYR3_p.R3356W,0.000008275
CDAN1_p.V966M,0
TMOD3_p.T268M,0
MYO5A_p.M1680V,0
SPESP1_p.A271E,0
ASB7_p.D77E,0
TBL3_p.G561G,0
OR1F1_p.E269E,0
CPPED1_p.R195W,0.00001652
JPH3_p.A24E,0
C17orf98_p.R132H,0.00003307
AOC3_p.V564L,0
KPNB1_p.P229L,0
FAM117A_p.R187W,0.00004942
RALBP1_p.Y219Y,0.00004118
LAMA3_p.S2828S,0
TAF4B_p.V564L,0
B4GALT6_p.A205V,0
TRAPPC8_p.S869S,0.00004943
KHSRP_,0
ZNF345_p.H444H,0
RYR1_p.R2163H,0
RYR1_p.L3641M,0
ZNF606_p.E546K,0.000008236
GGCX_p.L611L,0
MITD1_p.M69I,0
R3HDM1_p.I224M,0
LCT_p.K1301E,0
PLA2R1_p.C1087Y,0
PRKRA_p.H40H,0
FAM171B_p.N475N,0
NBEAL1_p.F2134S,0
IHH_p.R39*,0
AGFG1_p.S302P,0
RBBP9_p.H74H,0
XKR7_p.T510I,0
DNTTIP1_p.S77N,0
ITPR1_p.L2532L,0
DNAH1_p.P2355L,0.00003305
CHDH_p.S239N,0.000008237
SPICE1_p.Q618Q,0
GPR156_p.C216Y,0
PARP9_p.A150A,0.000008236
SERPINI1_p.A175V,0
SHROOM3_p.R724Q,0
PTPN13_p.D1042V,0
PDLIM5_p.S572R,0
ALPK1_p.L444I,0
ARSJ_p.E67E,0.000008274
AGXT2_p.C488Y,0
MROH2B_p.R1203M,0
PCDHB14_p.L516P,0
PCDHGB2_p.A51A,0
PCDHGB3_p.G633G,0
PCDHGB6_p.L754L,0
HLA-E_p.T221I,0
SRF_p.A365D,0
PAQR8_p.W104*,0
MDN1_p.Q5095Q,0
ZMIZ2_p.N50N,0.00003302
RBM48_p.H322H,0.000008277
RELN_p.Q2227*,0
HBP1_p.G256G,0
ST7_p.R369W,0
CTTNBP2_p.G625G,0
FEZF1_p.P180S,0
CADPS2_p.V361M,0
PAX4_p.G150D,0
IMPDH1_p.L471L,0
PLXNA4_p.L883M,0
STRA8_p.S269I,0
SMARCD3_p.Q382Q,0
RGS20_p.A110A,0
CNGB3_p.A256V,0.00001647
UTP23_p.K74K,0
TAF1L_p.G43C,0
TMC1_p.S288S,0
BSPRY_p.A263V,0
LRRC8A_p.L746L,0
PAGE1_,0
KLHL13_p.H108Y,0
USP9Y_p.K1945N,0
TMEM234_p.V130G,0
FNDC7_p.W307L,0
MAB21L3_p.V303V,0
CA14_p.E321G,0.00002471
FCRL3_p.I103V,0
POGK_,0
PRRC2C_p.S1604R,0.000008251
PTPRC_p.A129P,0
MTA3_p.A503P,0
EHBP1_p.Q1231H,0
POTEE_p.Y918C,0.00004966
LRP1B_p.F2556F,0.00002472
CDK15_p.G355G,0
DNER_p.T145A,0
THAP4_p.Q516*,0
NR2C2_p.A16V,0
TRAK1_p.V709L,0
WDR6_p.A881G,0
BSN_p.P718P,0
PIK3R4_p.Q611E,0
ABLIM2_p.S5S,0.00004954
ZFP42_p.S23R,0
KIAA1191_p.F192V,0
GRK6_p.I39T,0
DDR1_p.T531T,0
PKHD1_p.T2775K,0
PSMB1_p.K204E,0.00003295
CHCHD2_p.V68G,0.00002471
WBSCR27_p.D133D,0
PILRB_,0
KIAA1549_p.T940N,0
TMEM65_p.Y176*,0
APBA1_p.L828V,0.000008236
AK8_p.D243A,0
KIF18A_p.D801Y,0.000008254
OR9G4_p.W38C,0
RAD52_p.R227S,0
KMT2D_p.Q2812Q,0
TESPA1_p.D212A,0
ALDH1L2_p.L617L,0
OLFM4_p.S45N,0
LRRC9_p.R812R,0
TTLL5_p.Q1206Q,0
TMED8_p.R266R,0
BTBD7_p.I542F,0
EML1_p.S784T,0
NEIL1_p.R195H,0.00001647
ZNF774_p.T5A,0
ABR_p.S519P,0
KRBA2_p.Q33E,0
RHBDL3_p.Y53*,0
MBD3_p.R31K,0
PNPLA6_p.A596P,0
FPR1_p.I313V,0
HLCS_,0
DGCR2_p.A55G,0
MYH9_p.R234C,0
LGALS1_,0
TSPY8_p.L7V,0
MT-CO3_p.G170G,0
MT-ND4_p.P370P,0
MT-ND4_p.W416*,0
MT-ND5_p.L57L,0
MT-ND5_p.A267T,0
MT-ND5_p.S567S,0
MT-CYB_p.D20N,0
ATP13A2_p.R553Q,0.0000415
ZBTB40_p.R1114C,0
ZDHHC18_p.G56G,0
HIVEP3_p.S1550S,0.00001647
UHMK1_p.A379V,0
CNNM3_p.L271L,0
PRKCD_p.G544D,0
RCHY1_,0
MYO6_p.V427M,0
MTHFD1L_p.L190L,0
TBP_p.Q71Q,0
PAXIP1_p.Q413H,0
FAM86B2_p.A268G,0
FNTA_p.V223M,0
KM-PA-2_p.R21Q,0
BOP1_p.R133Q,0
PIGO_p.T715A,0
FAM122A_p.A132A,0
C9orf156_p.S265S,0
NCS1_p.Y108Y,0.00001647
MUC2_p.E683K,0
MACROD1_p.D310D,0.00002493
ARHGAP32_p.P1309P,0
EP400NL_p.L242P,0
ACOT1_p.R341C,0
ACOT2_p.R403C,0
GOLGA8A_p.A510V,0
PDPK1_p.D151D,0
TCEB2_,0
EIF3C_p.H432Y,0
EIF3C_p.S529S,0
SGSM2_,0
SLC38A10_p.G492G,0
NUDT19_p.R176H,0.00003426
PPP1R37_p.K441N,0
C19orf68_p.R428R,0
CTU1_p.V56M,0
PHF6_p.Y325C,0
IKBKG_p.R123Q,0
TPR_,0.0000414
EIF3H_p.G140D,0
TET1_p.R922I,0
MYLK3_p.G623V,0
GAS7_p.L31L,0
AL627309.1_p.T183fs,0
RPL22_p.K16fs,0
RERE_p.K83fs,0
UBE4B_p.E441fs,0.0002965
SPEN_p.SP2493fs,0
TCEB3_p.K464fs,0.00001648
CNR2_p.E331del,0
SRRM1_p.E35fs,0
LDLRAP1_p.T200fs,0.001021
DNAJC8_p.K75fs,0
ZSCAN20_p.T789fs,0
ZMYM6_p.L157fs,0.0001812
CLSPN_p.N242fs,0
MAP7D1_p.A80fs,0
MACF1_p.K7034fs,0
TIE1_p.P1099fs,0
IFI44L_p.DF431fs,0.00001647
ELTD1_p.F686fs,0
C1orf180_p.E109fs,0
BCL10_p.I46fs,0
COL24A1_p.P1245fs,0
CLCA4_p.S179fs,0.0004053
BARHL2_p.G369fs,0
COL11A1_p.I1775fs,0
COL11A1_p.P675fs,0
KCNC4_p.S514fs,0.00001647
NOTCH2NL_p.R223fs,0
ITGA10_p.P543fs,0.00002471
OTUD7B_p.G120fs,0
RPRD2_p.K236fs,0
ZNF687_p.P938fs,0
PYGO2_p.P65fs,0
TRIM46_p.P431fs,0
VANGL2_p.P176fs,0
PPOX_p.S359fs,0
F5_p.L1870fs,0
SUCO_p.K897fs,0
TNR_p.V213fs,0
HMCN1_p.K2954fs,0
PRG4_p.V1198fs,0
CFHR1_p.E93fs,0
ASPM_p.I1717fs,0
NFASC_p.N163fs,0
CR2_p.V206fs,0
CDC42BPA_p.P1696fs,0
SIPA1L2_p.S6fs,0
ARID4B_p.K803fs,0
CHRM3_p.K567fs,0.0001483
OR11L1_p.Y252fs,0
ASAP2_p.A784fs,0.0004612
ROCK2_p.W138fs,0
GREB1_p.G74fs,0
AC011239.1_p.T22fs,0
SULT6B1_p.K48fs,0.0001236
EHBP1_p.K754fs,0
KRCC1_p.K239fs,0
ANKRD36C_p.K1588fs,0
LRP1B_p.G485fs,0
43897_p.T255fs,0
SLC4A10_p.S1074fs,0
SSB_p.K192fs,0.0002883
TTN_p.K13345fs,0
TTN_p.P13097fs,0
FSIP2_p.K298fs,0
FSIP2_p.K5576fs,0
PMS1_p.K455fs,0
CARF_p.P393fs,0
IDH1_p.I5fs,0
MAP2_p.K1473fs,0
TNS1_p.P1194fs,0
CCDC108_p.P1146fs,0
CCDC108_p.P632fs,0
SLC4A3_p.A302fs,0
IRS1_p.G40fs,0
TRIP12_p.F647fs,0
GRM7_p.I807fs,0.001063
FANCD2OS_p.P37fs,0
MKRN2_p.AK234fs,0
RAF1_p.G370del,0
NR2C2_p.L561fs,0.00001647
THRB_p.K109fs,0.0002545
CLASP2_p.M964fs,0.00001656
CXCR6_p.Y311fs,0
COL7A1_p.E1348fs,0
WDR6_p.AG253fs,0.0008236
DAG1_p.P327fs,0
ITIH1_p.G227fs,0
PXK_p.R426fs,0
ATXN7_p.G778fs,0
HTR1F_p.P308fs,0.00001647
FILIP1L_p.K749fs,0
POLQ_p.K933fs,0
PARP14_p.Q1413fs,0
ABTB1_p.G174fs,0
NEK11_p.Q217fs,0
FNDC3B_p.E1107del,0
OPA1_p.K809fs,0
JAKMIP1_p.L821fs,0
JAKMIP1_p.R606fs,0
HTRA3_,0
PDS5A_p.N1285fs,0
N4BP2_p.K1649fs,0
GUF1_p.I243fs,0
GABRG1_p.L4fs,0
CDS1_p.K74fs,0
RP11-766F14.2_p.P1547fs,0
LARP7_p.L409fs,0.00003296
ANK2_p.K2675fs,0
ARSJ_p.K582fs,0.0001325
SCLT1_p.K540fs,0.0002059
PCDH10_p.G690fs,0
USP38_p.K948fs,0
LRBA_p.I2107fs,0
RAPGEF2_p.E516fs,0
TKTL2_p.TD62fs,0.002191
TMA16_p.E13fs,0.0002657
LRP2BP_p.T260fs,0
FASTKD3_p.K269fs,0
TRIO_p.F2030fs,0.0003871
CDH9_p.F431fs,0
GOLPH3_p.F197fs,0
ADAMTS12_p.A1333fs,0
NIPBL_p.K603fs,0
RHOBTB3_p.P93fs,0.0002807
GIN1_p.K49fs,0
APC_p.T1430fs,0
PRR16_p.P266fs,0
AFF4_p.G167fs,0
TCF7_p.P134fs,0
CDC25C_p.K244fs,0.00001647
WDR55_p.K341fs,0.0007413
PCDHGA2_p.D789fs,0
MRPL22_p.K48del,0.00002471
CYFIP2_p.A807fs,0
HK3_p.V866fs,0.00004942
PRPF4B_p.K47fs,0.00005766
GCNT2_p.P253fs,0
GCNT2_p.K245fs,0
MAK_p.N596fs,0
NOL7_p.Q236fs,0
KDM1B_p.K75fs,0
HIST1H2BF_p.K25del,0.00002471
OR2J1_p.K5fs,0.0003566
OR5V1_p.S91fs,0.00001647
GNL1_p.G278fs,0
DHX16_p.I1033fs,0
MICA_p.W253fs,0
BAG6_p.P390fs,0
BAG6_p.P115fs,0.00002504
EHMT2_p.370_372EEE>E,0.00003346
NELFE_p.P6fs,0
SKIV2L_p.K939del,0
STK19_p.E321fs,0
TNXB_p.V2926fs,0
COL11A2_p.P1309fs,0
TAPBP_p.F330fs,0
SLC26A8_p.N842fs,0
C6orf89_p.P53fs,0.0001153
KCNK16_p.R270fs,0.00001647
FOXP4_p.P269fs,0.0000415
USP49_p.Y654fs,0
TRERF1_p.959_960EE>E,0.0000275
EYS_p.L2938fs,0
OGFRL1_p.K185fs,0
DOPEY1_p.RK1304fs,0
ZNF292_p.E1459fs,0
ASCC3_p.K1243fs,0
DSE_p.R6fs,0
ARHGAP18_p.L626fs,0
AKAP7_p.K79fs,0.00001648
TNFAIP3_p.F623fs,0
PHACTR2_p.S226fs,0
FBXO30_p.K369fs,0
GRM1_p.L147fs,0
STXBP5_p.Q727fs,0
SYNJ2_p.P1114fs,0.0004783
SDK1_p.K267fs,0
AP5Z1_p.V334fs,0
SCIN_p.F344fs,0
GARS_p.T680fs,0
ABCA13_p.S153fs,0
ZNF804B_p.L979fs,0
AKAP9_p.I598fs,0
SAMD9L_p.N1259fs,0
LMTK2_p.L50fs,0
GJC3_p.E113del,0
ZKSCAN1_p.K339fs,0
SLC12A9_p.G737fs,0
TRIP6_p.R85fs,0.00004119
SRRT_p.G106fs,0.001361
ACHE_p.K569fs,0
KMT2E_p.G492fs,0
KMT2E_p.L871fs,0
CADPS2_p.K251fs,0
KIAA1549_p.IA1489fs,0
SMARCD3_p.P403fs,0
GALNT11_p.PK52fs,0
XRCC2_p.L117fs,0
PAXIP1_p.F100fs,0.0001859
RNF32_p.K66fs,0
WDR60_p.K526fs,0.00002484
TNKS_p.S134del,0.00001647
KCTD9_p.N332fs,0
ZNF704_p.M18fs,0
LRRCC1_p.K992fs,0
SLC7A13_p.F124fs,0
NBN_p.L490fs,0
KIAA1429_p.F721fs,0
EFR3A_p.F389fs,0
GRINA_p.F109fs,0
RCL1_p.K314fs,0
ERMP1_p.T651fs,0.00003295
NOL6_p.Q953fs,0
HINT2_,0
PAX5_p.P321fs,0
ECM2_p.L11fs,0
PHF2_p.K492fs,0.0009244
PTCH1_p.P1241fs,0
TEX10_p.R5fs,0
C9orf43_p.304_305insQ,0
CNTRL_p.P1299fs,0
SH2D3C_p.P457fs,0
SLC27A4_p.L286fs,0
SLC2A6_p.D253fs,0
MRPS2_p.T30fs,0
ZMYND11_p.L566fs,0
ENKUR_p.N77fs,0
C10orf68_p.K250fs,0.0001895
ARHGAP22_p.S682fs,0
ANK3_p.K21fs,0
ZNF365_p.K399fs,0
JMJD1C_p.K2025fs,0
MYPN_p.P574fs,0
PLAU_p.R201fs,0
FAM35A_p.T679del,0
SLC16A12_p.F73fs,0.00005765
KIF11_p.I533fs,0
MKI67_p.V3219fs,0
PKP3_p.P463fs,0.0001334
BRSK2_p.P588fs,0
CCKBR_p.L410fs,0
TPP1_p.P256fs,0
NLRP14_p.K551fs,0
PDE3B_p.K897fs,0
NCR3LG1_p.P433del,0.001087
DCDC1_p.N502fs,0
SLC43A3_p.G183fs,0
MS4A10_p.W97fs,0
DPP3_p.T612fs,0
PITPNM1_p.G120fs,0
SYTL2_p.K984fs,0
CTSC_p.K63fs,0.00014
C11orf54_p.Q74fs,0.001252
C11orf70_p.9_10insGL,0.0002702
SIK2_p.S179fs,0
APOA1_p.G4fs,0
CCDC15_p.K194fs,0.0005878
NFRKB_p.K311fs,0
PRDM10_,0
IGSF9B_p.Q147fs,0.0007265
NCAPD3_p.Q909fs,0.0005025
CLEC4A_p.K94fs,0.0002718
TMTC1_p.K456fs,0
PKP2_p.F231fs,0
ALG10B_p.I393fs,0
COL2A1_p.P170fs,0
KMT2D_p.H77fs,0
KRT83_p.P81fs,0
KRT74_p.L125fs,0
ESPL1_p.Q2078fs,0
OR6C2_p.K234fs,0
GLS2_p.P437fs,0
LRP1_p.C936fs,0
NDUFA4L2_p.H80fs,0
TSPAN31_p.Q58del,0.0007495
DPY19L2_,0
NAV3_p.K2080fs,0
HECTD4_p.T16fs,0
CCDC60_p.V63fs,0
CIT_p.D121fs,0
MLXIP_p.N461fs,0
DENR_p.Q106fs,0
SBNO1_p.K1154fs,0
ZMYM2_p.K1044fs,0.0003413
WASF3_p.P305fs,0
FLT1_p.K171fs,0
NBEA_p.K1120fs,0.0001739
SOHLH2_p.M129fs,0
SUPT20H_,0
COG6_p.K412fs,0
CAB39L_p.F277fs,0
PCCA_p.I306fs,0.00004942
SLC10A2_p.N318fs,0
TMEM255B_p.G57fs,0
TOX4_p.G160fs,0
EAPP_p.K127fs,0
RP11-407N17.3_p.F1305fs,0
SOS2_p.F895fs,0
STYX_p.R97fs,0
FBXO34_p.F483fs,0.00001647
KIAA0586_p.K617fs,0
LRRC9_p.Q273fs,0
LRRC9_p.K646fs,0
SIX1_p.L61fs,0
TSHR_p.AF380fs,0
UNC79_p.K1515fs,0.00001647
DKFZP434O1614_p.P48fs,0
HSP90AA1_p.T688fs,0
AHNAK2_p.F306fs,0
PGBD4_p.K583fs,0.0001235
MEIS2_,0
PHGR1_p.P36fs,0
SHF_p.78_79KK>K,0
FAM214A_p.N681fs,0.0005053
WDR72_p.M788fs,0
MYO1E_p.F527fs,0
NARG2_p.P634fs,0.00001647
MEGF11_p.P611fs,0
MYO9A_p.K1895fs,0
NEIL1_p.I188fs,0
MESDC2_p.K212fs,0.0002224
KIF7_p.E502del,0
FURIN_p.L429fs,0
ZSCAN10_p.P286fs,0
ZNF174_p.Q36fs,0
GLYR1_p.G380fs,0.0005271
ZC3H7A_,0
BFAR_p.P129fs,0
KNOP1_p.K319fs,0.00004945
ATXN2L_p.K140fs,0
CCDC113_p.K202fs,0
CMTM1_p.G181fs,0
ATXN1L_p.L63fs,0
MPHOSPH6_p.K128fs,0
ZNF469_p.L2146fs,0
RNMTL1_p.P279fs,0
CXCL16_p.N214fs,0
KIF1C_p.V611fs,0
USP6_p.Q1126fs,0
FGF11_p.A224fs,0.00001647
ARHGEF15_p.A838fs,0.00002471
MYO15A_p.P1289fs,0
DHRS7B_p.G87fs,0
NOS2_p.P797fs,0
ZNF830_p.R177fs,0
SLFN5_p.G56fs,0
SLFN12_p.D186fs,0
RARA_p.P330fs,0
STAT5B_p.Q368fs,0
WNK4_p.G607fs,0.00001652
EME1_p.F459del,0
PITPNC1_p.E261fs,0
EVPL_p.P368fs,0
BAIAP2_p.P212fs,0
RP11-1055B8.7_p.P883fs,0
TGIF1_p.LS27fs,0
LRRC30_p.K298fs,0
CHST9_p.L381fs,0
TRAPPC8_p.F679fs,0.0006671
HAUS1_p.K237fs,0
MBD2_p.F206fs,0
ATP8B1_p.E831del,0
RNF126_p.P283fs,0
CREB3L3_p.L197fs,0
XAB2_p.E605del,0
FBN3_p.L602fs,0
EIF3G_p.P113fs,0
CARM1_p.K470fs,0
SYDE1_p.F214fs,0
RFXANK_p.QG100fs,0
ZNF536_p.R839fs,0
ZNF790_p.N91fs,0
RINL_p.V49fs,0
CEACAM6_p.P4fs,0
GSK3A_p.P12fs,0
MEGF8_p.R2477fs,0
ZNF180_p.K226fs,0
NANOS2_p.A52fs,0
MAMSTR_p.L324fs,0
MAMSTR_p.P162fs,0
TEAD2_p.H298fs,0
NR1H2_p.F242del,0
ZNF331_p.E212fs,0
SSC5D_p.S464fs,0
ZNF814_p.H351fs,0.0000413
ASXL1_p.G646fs,0
CEP250_p.E883fs,0
CHD6_p.T493fs,0
ZMYND8_p.K630fs,0
DDX27_p.K691fs,0.0006589
PTGIS_p.Y42fs,0
ADNP_p.K1016fs,0.0001894
TPTE_p.D162fs,0
NRIP1_p.K728fs,0.00001647
GART_p.IE782fs,0
SON_p.V306fs,0
ITSN1_p.P157fs,0
DOPEY2_p.Y326fs,0
DOPEY2_p.P583fs,0
TTC3_p.K588fs,0
ERG_p.P411fs,0
PRDM15_p.A235fs,0
CECR2_p.P435fs,0
MICAL3_,0
ZDHHC8_p.K752del,0
SEZ6L_p.S160del,0
CHEK2_p.P431fs,0
PRR14L_p.K1838fs,0
MKL1_p.P257fs,0
TTLL12_p.F215del,0
PKDREJ_p.F1975fs,0
IL17REL_p.G71fs,0.00002479
SBF1_p.E1242del,0.00002478
MSL3_p.K289fs,0
DMD_p.L1900fs,0
BCOR_p.P1587fs,0
SHROOM4_p.K1198fs,0
UBQLN2_p.A523fs,0
CYLC1_p.E593fs,0
SATL1_p.A57fs,0
PABPC5_p.G4fs,0
TAF7L_p.D340del,0.00001647
RNF128_p.S8fs,0.0004312
AGTR2_p.R235fs,0
ZCCHC12_p.F134fs,0
BCORL1_p.Q856fs,0
DDX26B_p.F119fs,0.0003132
PRAMEF14_p.L385del,0
ZNF644_p.R291fs,0
AFAP1L2_p.EQKLKEIDEECRGEESRRV713del,0
IPO7_p.H816fs,0
ELP4_p.K248fs,0
USP35_p.T652fs,0
DLAT_p.E239fs,0
A2ML1_p.G1234fs,0
PRPF40B_p.I31fs,0
NACA_p.P1057fs,0
ACACB_p.G256fs,0
MTIF3_p.E248del,0
HSPH1_p.K577fs,0.00003295
DZIP1_p.P48fs,0
UPF3A_p.K266fs,0
RIPK3_p.H490fs,0
GZMB_p.G24fs,0
AHNAK2_p.P4585fs,0
ZNF106_p.S482fs,0
ABCC12_p.V1074fs,0.00003295
CMTM1_p.V58fs,0
SOGA2_p.G632fs,0
LOXHD1_p.E678fs,0
HKR1_p.G603fs,0.00002471
ACVR2A_p.K437fs,0.00004118
DCAF17_p.VK408fs,0
BMPR2_p.E581fs,0.00002471
RNF25_p.G250fs,0
TRIP12_p.P92fs,0
LRRFIP1_p.K593fs,0
MRPL47_p.D69fs,0
CDHR2_p.S381fs,0
RGL2_p.G203fs,0.00001647
FAM135A_p.T506fs,0
ETV1_p.P253fs,0
CPED1_,0
NOS3_p.G116fs,0
CNTNAP3B_p.K199fs,0
DAB2IP_p.P937fs,0
C9orf114_p.K34fs,0.00004942
CRAT_p.G165fs,0.00002471
FAM133A_p.K90fs,0
BCORL1_p.S1679fs,0.00001647
PRDM2_p.K1489fs,0.001557
ZMPSTE24_p.C359fs,0.00001647
SYCP1_p.RK964fs,0
WDR3_p.S21fs,0
SLAMF1_p.S277fs,0.00005766
CEBPZ_p.K476fs,0.009159
COBLL1_p.L945fs,0.003995
NBEAL1_p.K135fs,0.005412
ZDBF2_p.K1728fs,0.000298
CLASP2_,0
ANO10_p.K44fs,0.002207
SMARCC1_p.T868fs,0
POLQ_p.ILL1421fs,0.005815
FETUB_p.S143fs,0.001738
FGFBP1_p.K26fs,0.001228
CLOCK_p.L123fs,0.0003542
SPEF2_p.A883fs,0.004562
RAD50_p.L719fs,0.001746
VARS2_p.TS423fs,0
TTK_p.E851fs,0.0006674
AK9_p.K699fs,0.00004486
KIAA1919_p.I199fs,0.003245
SYTL3_,0.007348
DACT2_p.Q513fs,0
ICA1_p.N204fs,0.0007248
TMEM60_p.K77fs,0.0007413
ADAM22_p.RK878fs,0
KMT2C_p.K2797fs,0.012
MCPH1_p.K107fs,0.0004389
GOT1L1_p.T415fs,0.0001987
ZFHX4_p.E3220fs,0
DCAF13_p.F173fs,0.002813
MAN1B1_p.LG336fs,0.0003212
RUFY2_p.M118fs,0.009172
DNA2_p.S779fs,0.006483
TNKS2_p.T619fs,0.002471
INA_p.14_15insS,0
ENO4_p.K208fs,0.0006654
TTC17_p.R969fs,0
SF3B2_p.P129fs,0
UVRAG_p.K236fs,0
NDUFC2_p.F69fs,0.004341
ANKRD49_p.E67fs,0.0004118
FGD4_p.E105del,0
XPOT_p.F126fs,0.0003377
TMBIM4_p.Y174fs,0.006674
PDS5B_p.P1387fs,0.008652
EBPL_p.F172fs,0.001458
CCDC168_p.F2388fs,0.02
MIS18BP1_p.K157fs,0
B2M_p.LL12fs,0
NARG2_p.F382fs,0
BLM_p.G512fs,0.0006013
ZNF263_,0
KNOP1_p.I218fs,0.004435
BCL7C_p.P206fs,0
KRT17_p.R129fs,0
CCDC43_p.R216fs,0.003003
BPTF_p.K992fs,0.003847
CCDC178_p.M292fs,0.015
LMAN1_p.K304fs,0.0001235
LMAN1_,0
PAK4_p.T332fs,0
TASP1_p.L255fs,0
SYCP2_p.N1024fs,0.0008156
SYCP2_p.M788fs,0
ITSN1_p.R754fs,0
MIB2_p.T870fs,0
LZIC_,0
KDM1A_p.P71fs,0
LUZP1_p.M224fs,0
NUDT17_p.CKS300fs,0.019
NUDT17_p.P299fs,0.018
GALNT2_p.S25fs,0
ARID4B_p.T1001fs,0
FMNL2_p.557_557P>PP,0.001463
PLA2R1_p.13_14insL,0
NMU_p.29_29L>LL,0
SRP72_p.G8fs,0
LEF1_p.D14fs,0.00004119
SLC44A4_p.N130fs,0
PHIP_p.Q991fs,0
PRR15_p.V29fs,0
POR_p.Y576fs,0
GPC2_p.A556fs,0.00002472
FAM185A_p.H137fs,0
ESRP1_p.K511fs,0
ESRP1_p.K511fs,0
OPLAH_p.G1170fs,0
FAM208B_p.TK322fs,0
CCDC6_p.G15fs,0
ZNF365_p.K399fs,0
KIAA1731_p.K2361fs,0
CADM1_p.353_354insT,0
ASUN_p.T497fs,0
FBRSL1_p.P292fs,0
FBRSL1_p.A912fs,0
EBPL_p.F172fs,0.001293
SHF_p.P161fs,0
SMAD6_p.P68fs,0
MAPK8IP3_p.K706del,0
TBL3_p.G377fs,0
CREBBP_p.P1906fs,0
FBRS_p.E115fs,0
SOX9_p.P346fs,0
CBX8_p.K386fs,0
GATA6_p.333_334insH,0
C19orf26_p.P421fs,0
DMWD_p.L456fs,0.0001151
BAX_p.G39fs,0.001919
PRR12_p.T224fs,0
ZNF787_p.P53fs,0
PRRG1_p.P132fs,0
MLLT3_p.167_168SS>S,0
BAX_p.M38fs,0.0001153
