ID_REF,Size
ACVR2A_p.K437fs,2
AKAP7_p.K79fs,2
AL669831.1_p.I6V,2
ANO10_p.K44fs,2
BAX_p.M38fs,2
BCORL1_p.S1679fs,2
BMPR2_p.E581fs,2
BSN_p.P718P,2
CCDC168_p.F2388fs,2
CCDC178_p.M292fs,2
CEBPZ_p.K476fs,2
CENPF_p.K108fs,2
CHD9_p.Q605fs,2
CLASP2_p.M964fs,2
CRAT_p.G165fs,2
DDX27_p.K691fs,2
DNA2_p.S779fs,2
EBPL_p.F172fs,2
ENO4_p.K208fs,2
ESRP1_p.K511fs,2
FAM214A_p.N681fs,2
FCRL3_p.I103V,2
FILIP1L_p.K749fs,2
HIATL1_p.R42P,2
ICA1_p.N204fs,2
KIAA1919_p.I199fs,2
KMT2C_p.K2797fs,2
KNOP1_p.I218fs,2
KRAS_p.G13D,3
LMAN1_,2
LMAN1_p.K304fs,2
LRP1B_p.F2556F,2
LRP5_p.20_21insL,2
LRRC9_p.K646fs,2
LRRC9_p.R812R,2
MCPH1_p.K107fs,2
MIS18BP1_p.K157fs,2
NBEA_p.K1120fs,2
NFASC_p.N163fs,2
NFRKB_p.K311fs,2
NOL6_p.Q953fs,2
PAXIP1_p.F100fs,2
PIK3CA_p.H1047R,2
PIK3R4_p.Q611E,2
PLEKHA6_p.V348fs,2
PRCC_p.S209L,2
PRDM2_p.K1489fs,2
RAD50_p.L719fs,2
RAE1_p.K350fs,2
RHOBTB3_p.P93fs,2
RPL22_p.K16fs,2
RUFY2_p.M118fs,2
SIK3_p.R773C,2
SLAMF1_p.S277fs,2
SRRT_p.G106fs,2
SSB_p.K192fs,2
STAT5B_p.Q368fs,2
SVIL_p.G1862fs,2
SYNE2_,2
SYNJ2_p.P1114fs,2
TCEB3_p.K464fs,2
TESPA1_p.D212A,2
TEX10_p.R5fs,2
TMBIM4_p.Y174fs,2
TMEM206_p.S277fs,2
TMEM60_p.K77fs,2
TPR_,2
TTK_p.E851fs,2
TTLL5_p.Q1206Q,2
UPF3A_p.K266fs,2
USP35_p.T652fs,2
UVRAG_p.K236fs,2
XPOT_p.F126fs,2
ZMYM2_p.K1044fs,2
ZMYM6_p.L157fs,2
ZNF106_p.S482fs,2
ZNF365_p.K399fs,2
ZNF814_p.H351fs,2
